,Unnamed: 0,Date,Review_text,Review_title,Stars,Positive,Negative,Neutral,Compound,Overall
0,0,2020-04-28,VERY HIGH PRICE MRP 250.00 BUT SALE MORE PRICE,PRICE,1,0.0,0.0,1.0,0.0,Neutral
1,1,2020-05-07,"Finally got this in my hand after a long wait....I have been using LIFEBOUY sanitizer for a really long time....due to COVID 19 pandemic situation it was out of market, not even available on AMAZON...After a long pause I have finally received my most favourite brand in terms of maintaining hygiene....Thank you AMAZON for a very nice packaging,a much much early delivary... And thank you LIFEBOUY for this necessary useful and most effective product folded_hands  folded_hands ",Long waiting has come to an end red_heart  red_heart ,5,0.212,0.0,0.788,0.9479,Positive
2,2,2020-05-06,This is fake product. No manufacturing or expiration date is mentioned on the bottle.,Duplicate product,1,0.0,0.306,0.694,-0.6486,Negative
3,3,2020-06-17,"I placed order thinking that it has dispenser cap. In the picture shown in product description also, dispenser cap is there. But I received the product without dispenser. Amazon, please consider this issue in future orders.I have no other issues like quality or delivery. Thank you",No dispenser cap,4,0.124,0.134,0.743,0.123,Positive
4,4,2020-05-05,"Internal packing is poor, I got sanitizer bottle with leak.Secondly, I doubt the sanitizer seems to be not real one... solution seems to be very dilute &amp; I have not noticed that it is not vaporizing when I compare to same brand sanitizer.Friends be careful, high time to receive such duplicate products.",Poor packing &amp; not a real sanitizer !!,2,0.03,0.142,0.828,-0.7151,Negative
5,5,2020-06-15,Most trusted brand... i have been using this product since long... it kills all harmful germs ... I am using this sanitizer in this Covid-19 situation...it is alcohol based sanitiser and has mild and refreshing smell... it is good for all types of skin... use 3-4 drop to clean your hand ... it leaves hands soft after applying... I would suggest everyone to use this sanitizer to protect your family from any kind of infection ... I have used many sanitizers but they contain very less alcohol and not worth to use especially in this pandemic... I just love this product and would recommend to everyone..,Best alcohol based sanitiser,5,0.164,0.05,0.786,0.9209,Positive
6,6,2020-05-20,"The package I received was ateast 8-9 days late from the given deadline (in total it took 18-20 days) ...also it was torn up from at least three sides (as if someone was poking around it to check the inside contents)...so from delivery aspect I couldn't be more disappointed (this is the first time, I have encountered such a nuisance from amazon).COMING TO THE PRODUCT on a scale of 1-10 ..it deserves may be 2/10 and that also for having alcohol ....Fragrance wise ...1/10 .. as its really hard (it'll give u nausea believe me) and forever lasting.. believe me it won't go away even after washing your hands twice.BETTER GO FOR SOME OTHER BRAND ..like Dabur..Dettol...savlon.. Himalaya...or any other brand of your choice....",Don't buy it. SOMETHING is definitely off about this product.,1,0.048,0.03,0.923,0.4901,Positive
7,7,2020-05-01,"Poor bottle mechanism, broken cap which results to leakage",Broken cap,2,0.0,0.47,0.53,-0.7351,Negative
8,8,2020-06-08,"Lifebuoy being a trusted brand it is a no brainer choice for something as important in today's date as a hand sanitizer.The product is slightly thicker in consistency than other brands I've tried, which makes it easy to apply without it spilling off one's hands.A small helping spreads easily &amp; coats the hands well.Mild and moisturising formula, it doesn't leave hands dry after use.The scent is mildly stronger than others.",Effective sanitizer,4,0.243,0.028,0.729,0.9343,Positive
9,9,2020-06-19,feel like different quality product.I used lots of hand sanitizer of lifebuoy before lockdown.Different fragrance and sticky feel after use.I feel its fake or because of covid. Quality compromised.I bought from cloudtail saller.I got damaged pump bottle .Damaged bottle in box packaging.No bobble packaging in box.,Lifebuoy hand sanitizer without original fragrance,1,0.103,0.16,0.737,-0.4939,Negative
10,10,2020-05-05,Broken cap n i dnt think its an original hand sanitizer from lifebuoy,worst,1,0.331,0.187,0.482,0.34,Positive
11,11,2020-06-10,"I purchased this sanitizer recently for my use at home. It is really effective and easy to use. A drop of Lifebuoy kills 99.99% germs instantly. And also boost imunity for upto 10 hours. In this time of pandemic using lifebuoy hand sanitizer is the best option. It's fragrance is the also very soothing. It's not harsh like other alcohol based sanitizers available in the market,as it has aloe vera extract which keeps hands soft. I highly recommend this product to everyone.",Lifebuoy hand sanitizer is - the best SANITIZER  lotion_bottle  palms_up_together  lotion_bottle  palms_up_together ,5,0.244,0.077,0.679,0.9496,Positive
12,12,2020-05-05,The cap was damaged and also liquid was spilled out.. first time in history I have received an damaged product  disappointed_face ,Damaged product received,1,0.0,0.244,0.756,-0.7003,Negative
13,13,2020-06-08,I am extremely satisfied with this product. Lifeboy hand sanitizer promises to kill 99.9percent germs which is the need of the hour. I use it very frequently to protect any kind of virus or germs getting stuck to my hands. Just a little amount needs to be applied on hands and fingertips and needs to be rubbed together. It easily gets absorbed by the skin. It has a wonderful fragrance that stays in hand for long. It has alcohol as the main base which is known to disinfect hands. Its a great product of HUl and is well priced. I would highly recommend everyone to buy this product as it keeps you protected and disinfects your hands easily.,Nice product,5,0.252,0.048,0.7,0.9791,Positive
14,14,2020-05-08,Leakage product... it's not at all good product..compare to same brand.,Cap broken.. leakage product,1,0.0,0.194,0.806,-0.3412,Negative
15,15,2020-07-25,"A really good product.But they have changed the efficacy of the product by taking a steo down from the alcohol levels. First it used to come with about 93% content but now it has been redesigned with about 72%-73% content.No harm no foul but charging the same price for a product that has cut some corners well not a good practice.Anyways the product smells wonderful and it works as intended. But the pump action is somewhat worst in all the products I have tried.It keeps dripping on it's own without even pressing the nozzle. I don't know why, but it's the same in both the products that I have bought locally and from amazon. So if lifebouy is reading this, please sort this issue guys!",Good product with revised contents!,4,0.139,0.108,0.754,0.5354,Positive
16,16,2020-05-04,The product is defective,the product is defective,1,0.0,0.492,0.508,-0.4404,Negative
17,17,2020-05-27,"I recently ordered this sanitizer to use at home. I found this a best non-toxic, alcohol-based sanitizer, as I was looking for my mother‚Äôs dry skin, this is skin-safe and the quantity is much enough for the use of a family. The best ,part is that it is made in India and is 100% safe for use. It is very good for the skin as it contains 70% of isoprpyl alcohol ( as recommended by WHO) along with the extracts of aloe vera. The fragnace is also very nice. Only one drop is sufficient to kill 99.9% germs.This is a superb product and highly recommend to use for all.",Lifebouy sanitizer. Highly recommend!!!!,5,0.22,0.054,0.726,0.9686,Positive
18,18,2020-06-17,"Lifebuoy is definitely one of the most common names in many households across India. With the current pandemic and all thtz happening around I had to order it's sanitizer for I know this one brand I can trust on. The sanitizer as advertised kill 99.99% of the germs so what does one need especially when ur out to the market or running an urgent errand, well this one provides that extra precaution u need to stay safe. The scenf is not too strong and also the sanitizer once appplied does its job and is quick to evaporate too so your hands are dry and also germ free. One product that is not heavy on ur pocket and can be easily fit into your car's door side space or even your home.",Lifebouy for germ free hands...,5,0.144,0.051,0.805,0.8909,Positive
19,19,2020-07-05,"Got a product as a squeeze cap dispenser. Ordered seeing the product image of pump dispenser. There is nowhere mentioned about the product dispenser type in the description. Do not buy, if you need a pump based dispenser.Caution  This product is non-returnable.",Misleading  Not a pump dispenser,1,0.0,0.0,1.0,0.0,Neutral
20,20,2020-06-27,"In this crazy time of coronavirus one thing that you need to have with you at all times is a sanitizer. Lately a lot of new brands are taking the market but I trust very few and one of them is lifebuoy. It's a brand that has been associated with hygiene for the longest time. This sanitizer is just perfect. It's alcohol based, like WHO prescribes and smells pleasant. Would definitely recommend that you buy this instead of any new brand that claims to be good. Trust lifebuoy to be your hygiene partner in this time.",A much needed item these days,5,0.276,0.015,0.709,0.9868,Positive
21,21,2020-06-07,"Seeing the current situation of covid19, I ordered this hand sanitizer and trust me it's a complete value for money and totally worth it. Firstly, it's an alcohol based sanitizer that means without water. It kills 99.99% germs. The scent is good and soothing. Even my kiddo loved it's scent and she applies it again and again. The packaging is good. This one comes in a 500ml pump bottle which makes it so easy to apply on your palms and it's convenient to use. I would totally recommend this hand sanitizer to everyone  thumbs_up  thumbs_up  thumbs_up ",The best alcohol based hand sanitizer  red_heart_selector ,5,0.315,0.0,0.685,0.988,Positive
22,22,2020-06-18,"Lifebuoy Alcohol Based Hand sanitizer is very helpful during COVID 19 times and also otherwise also which helps you, especially your hands keep clean and hygienic while doing important activity like cooking eating etc, I have been using this and it's fragrance is mild and good. keep your hands soft and clean, also admit is alcholo based it ensures hands are clean and hygienic from bacteria and germs. Its worth buying and I am happy using this sanitizer.",Keep your hands clean and hygienic- lifebuoy santizer..,5,0.33,0.0,0.67,0.981,Positive
23,23,2020-06-10,Lifebuoy Alcohol Based Hand sanitizer is something which is really benificial during this time. I have been using this for long now and it's fragrance is really great. Best part is that it doesn't makes your hands rough also. Since it's alcohol based our hands gets completely safe from the bacteria and other germs . Well I'm overall satisfied with the cleanliness it provides to our hands which is really required.,Best One,5,0.242,0.0,0.758,0.9646,Positive
24,24,2020-06-13,"In present situation sanitizer is a must to stay safe and healthy. So market has seen a great demand in sanitizer and also every company is manufacturing it, which makes it difficult to choose the right one.When I got to know about Lifebouy Sanitizer I go for it because 1) It's from good house 2) it contains 70% alcohol.After using it I can say that it is the best in the marketIts fragrance is not that of medicated type also it is not strong alsoIt comes with pump making it easy to useIt is not stickyRate is according to government rulesEvery home must have it",Winner,5,0.168,0.057,0.775,0.9325,Positive
25,25,2020-06-17,Won't recomend the texture is not same as it used to be and the smell is also changed its too strong it won't go from your hand even after washing and that's irritating. And the smell is not good it's the one which will irritate your nose for almost an hour. Earlier lifebuoy had a sanitizer that's smells good but not this one probably composition is changed but why is its too liquid type as its gel based. Can't comment it's a fake or orignal.But if you have sensitive nose or please don't use it. The smell is very very strong anyone sitting in the room next to you could also tell that you have used sanitzer hope this helps,Too strong smell and texture is not actually gel based it's between gel based and liquid based,1,0.166,0.053,0.78,0.9554,Positive
26,26,2020-06-17,"I ordered this lifebuoy sanitizer recently. Its alcohol-based sanitizer, it contains 70% of isoprpyl alcohol and it contains aloe vera so its completely safe from the bacteria and viruses. Its recommended by WHO .The fragnace is amazing and it works well by killing 99.9 germs .It keeps our hands so soft . . Its surely value for money. It comes in a 500ml pump bottle which is convenient to use . Lifebuoy is our all-time trusted brand . It works well for protecting us from viruses. I highly recommend it .Thanks for such an amazing product.",Totally Satisfied with Lifebuoy Sanitizer,5,0.28,0.039,0.681,0.9758,Positive
27,27,2020-05-04,I got product leaking and rate was higher than the actual rate and also mrp was 250rs but they are selling in 363rs very bad product,Don't buy this,1,0.0,0.178,0.822,-0.7343,Negative
28,28,2020-09-08,The product as described was once send back without the opening pump/dispenser as mentioned in product description available with the product.I think the product needs to be checked to avoid unnecessary issues n difficulties a customer may face with a dispenser on it during the covid crisis.Not recommended at all,Incomplete product supplied,1,0.036,0.088,0.876,-0.3818,Negative
29,29,2020-06-20,"As it is the time of COVID-19, so I was looking for a sanitizer which could provide best protection from this virus so I choose this Lifebuoy Immunity Boosting Sanitizer. It not only kills 99.99% germs on application but also promise to boost immunity upto 10 hours. Being alcohol based it is easy to apply even when you don't have water availability. Just take a drop or two apply and rub over the plam and back of your hands and fingertips until dry. Your hands are free from 99.99% germs instantly. The fragrance is also quite good so my kids are in love with this product.",Good product,5,0.247,0.021,0.732,0.9826,Positive
30,30,2020-08-15,In picture it is bottle with pump that could be easy to use. But the product delivered doesn't have a pump but instead with a pull up nozzel... Not handy to use. Ever,Not satisfied with the product sent,3,0.061,0.0,0.939,0.2382,Positive
31,31,2020-06-16,"During these pandemic situation we need to sanitize everything. This sanitizer has a good refreshing fragrance. This is well known trust worthy brand.It's pump makes it extremely easy accessible on surface area. Just a little on hand cover all hands santized.Totally worth of buying, in this range that much big bottle. One of the best alcohol based sanitizer.",Worth the money,5,0.328,0.0,0.672,0.9699,Positive
32,32,2020-06-06,"My family is great fan of the brand ""Lifebuoy"" ......bars of tis brand was very good...as far as sanitizer is concerned...I was quite sure about its quality.....bcoz it's a brand on which one can trust without any doubt.Let's share my experience  when I opened d package the very first thing which makes me happy was its bottle....a pump bottle...which helps u o sanitize hand without touching the full bottle....one can easily take it out by pumping through elbow.....the second thing which attracts me was its transparent solution....Now let's talk about the quality  a very soothing and familiar smell, liquid is very gentle with the skin as aloe vera is present in it.Worth purchase.....go for it guys if u care for ur family.....If u find my review helpful then please tap on helpful option.",A Familiar product,4,0.283,0.012,0.705,0.9905,Positive
33,33,2020-06-26,"Its the need of the hour product. It's a really good sanitizer, from a reputed brand and kills maximum germs. It has amild nice scent and it does not leave our hands dry after using. Hands are quite soft and now safe too.My husband keeps it on his office table, pump bottle makes it easy to use.",Really good sanitizer..,4,0.198,0.053,0.749,0.8147,Positive
34,34,2020-06-15,"This hand Sanitizer is value of money. All though I received damaged pump but I'm writing here about product not the packaging. In the present, Sanitizer is necessary thing and I felt this is enough good. It claims to kill 99.99% germs so that in real it would capable to kill at least 85%germs. It's fragrance is nice, it's not tacky . This Sanitizer is good for to clean household things. The price is also affordable.",Not the best but good,4,0.221,0.15,0.629,0.6249,Positive
35,35,2020-06-06,Lifebuoy alcohol based hand sanitizer is a must have product in today's situation. Scent of the product is nice.. both my children loved this product. The required alcohol level is perfect n as per prescribed standards. It's very mild and doesn't give any burning sensation.. easy to buy n easy to use.. I wud like to recommend all my family and friends.. please use it n b safe.,Most essential product,5,0.336,0.0,0.664,0.9771,Positive
36,36,2020-06-14,I love this very much because it's non sticky quickly absorbs and budget friendly. It has alcohol and these days all recommended to use a sanitizer which having alcohol. Fragrance is also very good . This hand sanitizer is definitely a savior. If it's available in your area you should get it. Value for money. Go for it .,Value for money sanitizer,5,0.315,0.0,0.685,0.9665,Positive
37,37,2020-07-03,It's very good and have over 70% of alcohol content. Only let down it was without pump dispenser with is not convenient and hygienic as needs you to hold entire bottle to use.,Good product but received without pump type dispenser,3,0.091,0.0,0.909,0.4927,Positive
38,38,2020-06-20,"Nice fragrant alcohol based hand sanitizer. Gets absorbed really fast. Gel but doesn‚Äôt leave stickiness on skin. No skin dryness felt after using it. Great option in this pandemic situation as its from a trusted brand. As there are lots of fake products available in the market now, I preferred to buy this one.One star given less just because I wanted pump cap on the 500 ml bottle, which would have been much easier to use, but the one I got is with pull up cap.( it‚Äôs mentioned that packing may vary).",Alcohol based sanitizer a must in current situation,4,0.165,0.078,0.757,0.882,Positive
39,39,2020-08-27,I ordered this product because it shows that it is a Pump type bottle.But what is received was completely different.So do not go by image.,Received something else,1,0.0,0.0,1.0,0.0,Neutral
40,40,2020-06-13,"There is a saying in Hindi Der se aaye per Durast aaye. It suits to Lifebouy sanitizer as it is the perfect time to nationally launch the sanitizer. What differentiates Lifebuoy sanitizer from ordinary ones is thatit is mild, non-sticky and evaporates quickly, leaving ones palms 99.99% sanitized instantlyIt has a gentle, mild odour, as against strongly perfumed ones, which can be intolerable, especially if one was sanitizing ones hands before eating.It don't make hands feel dryEasy to use as it comes with pump. 70% alcohol content also makes it more effective.A must product for every home always",Best,5,0.086,0.0,0.914,0.8271,Positive
41,41,2020-06-19,Since we all are going through the pandemic of coronavirus we I'll have to stay protect buy washing hands and then cleaning with a hand sanitizer. Lifebuoy does the best whenever I come back from grocery shopping that is the first thing I apply on my hands and clean them first it is rigid on germs but soft on hands lifebuoy hand sanitizer is a must today's time.it kills 99.9% germs.one should use this product to see best results.i have been using it and I like this product.,Awesome hand sanitizer  raised_hand ,5,0.213,0.059,0.728,0.9403,Positive
42,42,2020-06-07,Sanitizer is need of hour but there are many new companies selling it to you but trust the oldest brand you know... lifebuoy. It comes in a convenient pump to pour tge right amount. It doesn't leave strong smell but just the mild fragrance with super clean hands. It is colorless and pure. Value for money pack. Good buy.,Value for money pack,5,0.283,0.047,0.67,0.9582,Positive
43,43,2020-06-19,"I ordered this lifebuoy sanitizer recently. Its alcohol-based sanitizer, it contains 70% of isoprpyl alcohol and it contains aloe vera so its completely safe from the bacteria and viruses. Its recommended by WHO .The fragnace is amazing and it works well by killing 99.9 germs .It keeps our hands so soft . . Its surely value for money. It comes in a 500ml pump bottle which is convenient to use . Lifebuoy is our all-time trusted brand . It works well for protecting us from viruses. I highly recommend it .Thanks for such an amazing product.",Satisfied with lifebuoy sanitizer,5,0.28,0.039,0.681,0.9758,Positive
44,44,2020-05-18,Bottle of sanetiser is open and liquid flowing outside and also your site showing no return policy . Pathetic ...I lost my money,Damaged product,1,0.0,0.301,0.699,-0.802,Negative
45,45,2020-06-26,"Lifebuoy Total Hand Sanitizer, that is over 99.9% effective against Covid-19 Coronavirus, and proven effective against new viruses like SARS Coronavirus, MERS Coronavirus, H7N9 Virus, H5N1 Virus, H1N1 Swine Flu Virus, is a must have when you are out of home. Lifebuoy Alcohol Based Hand Sanitizer, that has more than 60% alcohol content, and gives you instant germ protection without water. Lifebuoy Antibacterial Hand Sanitizer Gel has Glycerine, that leaves your skin feeling fresh &amp; supple. Its a must have product at home.",Must have!!!!,5,0.229,0.027,0.745,0.9552,Positive
46,46,2020-06-14,Has a gel like consistency instead of being watery which is good compared to many other sanitizers. The pump bottle is good looking and easy to use. I wish the bottle was wider and less taller to keep it from wobbling when pumping.,One of the best sanitizer,5,0.279,0.0,0.721,0.9169,Positive
47,47,2020-08-24,There is nothing better than this in the market. best in class sanitizer. I tried a lot of them.Especially great service by amazon. (y) Seller my mistake sent me the wrong bottle but amazon representative after rectifying the issue apace initiate me a complete refund as compensation.,Just go for it,5,0.168,0.107,0.725,0.4761,Positive
48,48,2020-05-22,The seal was broken may be on delivering and the content inside as if someone as put water as lifeboy is branded company and sanitizer is gel based,Not trustworthy,1,0.0,0.103,0.897,-0.4767,Negative
49,49,2020-05-14,Blindly go for it. Best available sanitizer in market right now.,Lifebuoy BRAND NAME is enough.,5,0.296,0.0,0.704,0.6369,Positive
50,50,2020-07-31,"Packaging ws very bad....d pump was defective....by the time it reached,most of d content had already leaked out of the bottle....i had ordered a tab along with dis....nd dey put dis stupid bottle along with my tab....luckily d liquid dint reach inside d tab covering.....bt dis ws overall aa very horrible experience...i cant return dis also...",Very disappointed!!!! thumbs_down ,1,0.019,0.162,0.819,-0.8553,Negative
51,51,2020-05-23,CONTENT IS GOOD BUT THE CONTAINER KNOB WAS BROKEN. SO I TRAMSFERRED THE CONTENTS TO ANOTHER HAND WASH BOTTLE AND USING...,POOR BUILT QUALITY OF CONTAINER. BUT CONTENT IS GOOD.,1,0.228,0.151,0.62,0.2732,Positive
52,52,2020-05-05,Product is good but I doubt it's authenticityas it's content mentioned on backside is different from Flipkart one and it has only 5 rating and Flipkart same product has 10k.,Awesome product,5,0.062,0.104,0.833,-0.3182,Negative
53,53,2020-06-01,"I used lifebuoy hand sanitizer and it has become my life saver. I have sensitive skin and find that it does not cause excessive drying, itching or redness after use as it contains aloe Vera extract. It effectively kills microbes. very convenient and easy to use as it comes in pump bottle. Budget friendly &amp; I think we can spend this much to keep ourselves safe from deadly germs and diseases. Fragrance is also so pleasant. Worth buying.",Highly recommended,5,0.236,0.038,0.726,0.9537,Positive
54,54,2020-05-24,Fake product! It is written as alcohol based but there is no ethyl alcohol in content. Taking advantage of situation. Plus it can neither be returned or replaced. Highly deplorable.,Beware!,1,0.072,0.148,0.779,-0.3903,Negative
55,55,2020-08-30,"Actually I ordered this for my apartment purpose but it comes without dispenser so it's waste of my purchase..I'm highly recommending Dabur sanitizer is the best and which in gel format.. lifeboy santizer is liquid sanitizer,n smell also not like dabur santizer..",No dispenser difficult to use,5,0.115,0.134,0.751,0.0045,Positive
56,56,2020-05-06,It is not similar as the normal lifebuoy total sanitizer..so im not happy,Lower quality..,2,0.0,0.2,0.8,-0.4585,Negative
57,57,2020-05-05,"broken cap pump , visable foreign particals in the bottle . looks like alterd product",broken cap,2,0.151,0.187,0.663,-0.1531,Negative
58,58,2020-08-29,"This is different from the ""Total 10"" Lifebuoy sanitizer available in the market. It has aloe vera and smells like cheap floral air freshener.Personally I prefer the other version ""total 10"" available in the market because it smells pleasantly neutral.",This is not the regular one,3,0.131,0.0,0.869,0.6808,Positive
59,59,2020-07-08,"The smell after application is very bad , usually lifeboy products are good i dont know this patricular one is bad and sent a wrong product too with out pump",Quality is bad,1,0.079,0.292,0.629,-0.831,Negative
60,60,2020-07-07,The image is incorrect and product quality is pathetic. Go for other brand and this is not a push bottle sanitiser. Received a different one. Very sticky sanitizer.,Not a push bottle. Incorrect image. Quality is very sticky,1,0.0,0.129,0.871,-0.5719,Negative
61,61,2020-07-13,Want a pump sanitizer but its not. This packing is not good its a gel sanitizer but yes its from trusted brand. So no issues with the quality of sanitizer but as i want pump bottle so my purpose of buying it fails,Trusted brand,4,0.193,0.188,0.619,-0.1898,Negative
62,62,2020-06-20,"Picture shows the bottle having a spray cap, but the one we received doesn‚Äôt. The very reason we chose this is becz of the ease of use with spray caps. Just put real images of the product. Why the fake pictures?",NOT A SPRAY CAP!!!,1,0.072,0.091,0.837,-0.2263,Negative
63,63,2020-08-01,"This bottle is perfect for a little long time use. Just you can't carry it as it's a 500 ml bottle. I bought it 3 months before. And I am still using it. The fragrance is as usual alcoholic, not the type that irritates your nose. It's perfect for a family. I completely recommend this.",Good product,5,0.179,0.047,0.773,0.8173,Positive
64,64,2020-05-15,Does not look like genuine lifebuoy sanitizer,Dont trust,1,0.0,0.26,0.74,-0.2755,Negative
65,65,2020-06-11,It is the worst product ever...Do not buy anything from them.I have ordered a pump bottle sanitizer and as you can see in the pictures it is totally different.....Neither it is a pump bottle nor a normal bottle....what all I can say about the product is it is a fake product and the hole of the bottle is very big.....,Worst product ever..... angry_face  angry_face ,1,0.0,0.12,0.88,-0.802,Negative
66,66,2020-06-29,I found this lifebuoy sanitizer to be perfect for everyone at home use. The it has a pleasant smell doesn't hurts the senses. It moisturises the hands and effectively cleanses the hands.,THE BEST BUY SANITIZER FOR EVERYDAY USE,5,0.324,0.0,0.676,0.9091,Positive
67,67,2020-06-20,"Order for alcohal base liquid with vaporiser pump, but recd. bottle containing gel form. Not happy with this. Description should say clearly.",Not happy,1,0.129,0.145,0.726,-0.1147,Negative
68,68,2020-05-30,Not a genuine product. Seems like some local sanitizer was filled in lifebouy bottle. Not happy to use this,Fake product,1,0.116,0.139,0.744,-0.1275,Negative
69,69,2020-06-13,Because of lockdown i have no choice but to this purchase product online...very upset as i received damaged product ...pump is not working at all ..so i have to replace it with my old hand wash empty bottle..and it is not returnable as well  frowning_face ,Expensive &amp; damaged,1,0.08,0.248,0.672,-0.7888,Negative
70,70,2020-08-19,I think the product is duplicate. I am using lifebuoy hand sanitizer since january.. the product i got is defanitly nit the same. No fragrance of original product.. dont buy this... it is fake .....,Dont buy...fake product,1,0.142,0.137,0.722,0.0516,Positive
71,71,2020-08-25,Quality is not good as Dettol .It is sticky not dissolve 100% like Dettol.Always feels there is something in the palm.,Quality issue,1,0.0,0.192,0.808,-0.5448,Negative
72,72,2020-08-13,This looks like a fake product ....i ordered with a dispenser but didn‚Äôt get one. Also the scent is different than the original lifebuoy sanitizer. After applying hands started itching.The package print is disintegrated tooProduct shows as non returnable,Fake product,1,0.115,0.05,0.834,0.3919,Positive
73,73,2020-06-16,It is a good product with useful elements in it .Due to covid19 i am very careful about the products i use for my family and after using this i found this product safe for my family it kills 99.9%germs and doesn't harms our hands and pocketfriendly too,Keep your family safe with using this pocketfriendly product,5,0.242,0.064,0.694,0.8281,Positive
74,74,2020-05-28,Product is good. Almost all the sanitizer available in the market are same. The issue the price and it is expensive a little bit.,Good but expensive,3,0.116,0.0,0.884,0.4404,Positive
75,75,2020-09-29,"Alcohol content is very low, hence dont know the effect of killing the germs. I don't recommend to buy this product.",Don't buy,2,0.0,0.344,0.656,-0.8361,Negative
76,76,2020-08-30,"Product looks fake or poor quality, contaminated inside and no tamper proof packing. doest have dispenser tube as shown in the product online.No option to return or refund. Lost trust in lifebuoy brand",Poor quality or fake product delivered,1,0.079,0.255,0.667,-0.7506,Negative
77,77,2020-07-02,"Looks like fake product, packaging and ingredients not same as previous bought product. Ethyl Alcohal 95% not present in sanitizer. In this pandemic people are faking product. In the Non returnable item you cant send fake products.","Looks like fake product, packaging and ingredients not same as previous bought product.",1,0.056,0.202,0.742,-0.7579,Negative
78,78,2020-05-22,This sanitizer has great smell. It's different from the older product line Total 10 which smelled like alcohol. This one has some aloevera extract which moderates the alcohol smell.,Better than Lifebuoy Total 10 Sanitizer,5,0.196,0.0,0.804,0.765,Positive
79,79,2020-06-22,Lifebuoy sanitizer is very good to use but the worst part of this package was as mentioned they should have to be given the spray cap with the sanitizers bottles. Spray cap were missing into them...,Spray cap was not there with the bottle,5,0.048,0.194,0.758,-0.8102,Negative
80,80,2020-06-16,Local Sanitizers are selling at a price of 100 rupees per 100 ml and this one is no doubt lifebuoy Sanitizer at half of that.,Value for money,5,0.0,0.176,0.824,-0.5719,Negative
81,81,2020-08-13,"Utterly disappointed with the product, there is no dispenser as shown in the picture, this is a complete breach of trust between customer and amazon seller.",Disappointed and trust broken,1,0.158,0.177,0.665,-0.1513,Negative
82,82,2020-06-21,"Bottle is completely different which was shown during placing an order, the received one is not having spray nozzle. It was with cap. Drawback is during usage everytime u need to open that cap.",Not as per expected,1,0.0,0.0,1.0,0.0,Neutral
83,83,2020-08-17,The product should serve the purpose for which it is intended. However when I use it as hand rub it is not smooth as it appears some tiny suspended particles may be there in the solution. I will request the manufacturer to throw some light on this aspect.,Ease of use.,3,0.107,0.06,0.833,0.34,Positive
84,84,2020-07-11,Guys this is the nozzle version. There is another version which is without nozzle. You only get the one without nozzle even if you order the nozzle version. Hence choose wisely.,Lifebuoy needs no review,4,0.085,0.0,0.915,0.4215,Positive
85,85,2020-09-08,I ordered it bcaz it will be convenient to use but they simply handover me simple bottle without dispenser.. not at all easy to use,Got simple bottle,1,0.0,0.119,0.881,-0.4782,Negative
86,86,2020-08-25,"That the packaging may not be the same as the prominently displayed in the offer has not been transparently mentioned along with the big displayed product picture. Since the product is non returnable, it is not of use to me because the bottle type does not serve my purpose.",Product packaging may be different from the picture prominently displayed.,1,0.0,0.0,1.0,0.0,Neutral
87,87,2020-08-04,"Standard lifebuoy sanitizer, but didn't come with the pump as shown in the display images, instead came in a sipper type outlet like the vim liquid bottle",Not a pump,3,0.115,0.0,0.885,0.5023,Positive
88,88,2020-08-18,"The product provided is original and good. Though the product is showing with a pump, but I received the product without the pump. But I paid more for having it with the pump at the time of purchase.",Product delivered without pump option,1,0.098,0.0,0.902,0.3818,Positive
89,89,2020-06-19,"Seems like a duplicate product, avoid it. Packaging is inconsistent across the two bottles. The labels are not aligned even.Also, annoyingly got bottles without nozzleas shown in the first pic and the bottles had weird red caps. Throwing them away.",Seems duplicate. Regular cap bottle without nozzle.,1,0.059,0.092,0.849,-0.1027,Negative
90,90,2020-05-24,"I have absolutely no problem with the quality of the sanitizer but the bottle's trigger was broken when I received the product and it can't be replaced. So, I'm stuck with this broken bottle of sanitizer",Broken trigger of the bottle,3,0.0,0.34,0.66,-0.9319,Negative
91,91,2020-06-02,Finally I got the sanitizer..Thanks Amazon for this product. Lifebouy is good product ..and the smell of this sanitizer is nice...I think price is also correct...but not for needy family..overall everything is good...everyone can purchase this,Nice Sanitizer...,5,0.172,0.0,0.828,0.6844,Positive
92,92,2020-08-09,Good. But i doubt on this product. May b its not right but using time skin thorugh spark feel.,Too much alcohol in compare with other product,5,0.2,0.151,0.65,0.0129,Positive
93,93,2020-07-18,The picture shows that there is a nozzle dispenser attached but received product without nozzle dispenser,Nozzle dispenser not present as shown in picture,1,0.0,0.0,1.0,0.0,Neutral
94,94,2020-07-13,Picture shows a bottle with a dispenser. Item delivered is plain bottle without a dispenser.,Incorrect depiction,3,0.0,0.0,1.0,0.0,Neutral
95,95,2020-06-08,"Its a very good alcohol based hand sanitizer, which does not smell like alcohol. It has a very tangy fragrance. With input of Aloe Vera extracts give smooth and moisturizing feel to your hand along with safety.Nice Product, surely thump up for second buying.",Nice Product,5,0.242,0.041,0.717,0.8856,Positive
96,96,2020-08-27,Product delivered is not as per images. Has an entirely different mechanism for dispensing. You have to pickup the whole bottle and squeeze inorder for it to come out.,Doesn't match images,1,0.0,0.0,1.0,0.0,Neutral
97,97,2020-06-22,The product photo shows sprayer option but actually it's not that. But the product is nice. I like the sanitizer very much. It is much better to fight the pandemic Corona situation than ordinary sanitizers.,I love lifebuoy sanitizers.,5,0.244,0.077,0.679,0.8126,Positive
98,98,2020-09-14,It's a fair product. The bottle is not similar to the one which we get in the market. Also the sanitizer liquid is not upto mark. Duplicate product,Duplicate one,1,0.081,0.0,0.919,0.3182,Positive
99,99,2020-06-01,The product is as per standard issue so no doubt it's very important essential 'n' TOP OF THE LINE.Value for money.,Damaged package,5,0.17,0.207,0.623,-0.2544,Negative
100,100,2020-08-22,"Thanks amazon such quality product, doesnt availed in local market. Good fragrance.",Good fragrance,5,0.455,0.0,0.545,0.7579,Positive
101,101,2020-06-30,I have kept this at my house entrance table and give this to anybody who enters my home. Large quantity and worth the money.,Must have for all homes. Worth it.,5,0.079,0.0,0.921,0.2263,Positive
102,102,2020-07-08,Product delivered is different from product ordered. Ordered for dispenser with pump while the delivery was made for lid. It was indicated in inside photos that the package may vary. From the packaging it looks duplicate. This is misguiding and loot,Inferior Quality Product,1,0.0,0.0,1.0,0.0,Neutral
103,103,2020-05-18,1. Outer packaging was completely damaged.2. Dispenser of the bottle was completely broken and not it will be difficult to use that sanitizer.,Disappointed,2,0.0,0.219,0.781,-0.7089,Negative
104,104,2020-08-03,"Best in market probably. In current times, it needs to decrease the rate so that more people can use this.",Best in market probably! Pioneer in this field.,5,0.181,0.0,0.819,0.6369,Positive
105,105,2020-06-10,"The seeled item is broken and 100ml drop the box, when the boy give the item did not sign me, quickly go away. When I see the item I had nothing to do,It's very unhappy to me to received the product.The product was very essential to me.So, I use this item.",Bad experience,1,0.0,0.156,0.844,-0.807,Negative
106,106,2020-07-13,good product for protection frm coronavirus... easy to use... good packaging,BEST PRODUCT IN THIS PANDEMIC SITUATION,5,0.521,0.0,0.479,0.8271,Positive
107,107,2020-06-08,Alcoholic based sanitizer with decent fragrance.Enough quantity and value for money.,Lifebouy loved it,5,0.194,0.0,0.806,0.34,Positive
108,108,2020-09-22,As per the bottle it seems some aloevera based.Even it's scent is a little odd that is little aloevera.And by packing it doesn‚Äôt look like the original Lifebuoy product!,It's a fake product,1,0.159,0.063,0.779,0.474,Positive
109,109,2020-05-18,Fak itemDuplicateAlso licase,Duplicate,1,0.0,0.0,1.0,0.0,Neutral
110,110,2020-07-08,I am disappointed because the container is not the same as shown in the picture. The container I got not easy to use,Design of the container not as shown in the picture,1,0.0,0.225,0.775,-0.6711,Negative
111,111,2020-09-09,Seems to be a duplicate product. Wish there was a way to check the authenticity of the same. The packaging talks alot about it being a fake product.,Seems fake. Avoid buying.,2,0.094,0.108,0.799,-0.1027,Negative
112,112,2020-06-21,The item was supplied without dispenser,Item was not supplied as per the order placed,2,0.0,0.0,1.0,0.0,Neutral
113,113,2020-07-17,Left one is the fake one and right side one is original all u get is fake ones better avoid,Fake,1,0.188,0.304,0.507,-0.4939,Negative
114,114,2020-09-18,Sent without pump sanitizer bottle.That is refill bottle only.,Sent without pump sanitizer bottle,1,0.0,0.0,1.0,0.0,Neutral
115,115,2020-09-24,Smell is good. Only concern is I have ordered tube one but it didn‚Äôt come with tube,Good One,5,0.115,0.0,0.885,0.2382,Positive
116,116,2020-07-07,I have ordered this with plunger but it got delivered with cap no plunger was there. Really disappointed as without plunger it is not of that much of use.,Disappointed,4,0.0,0.221,0.779,-0.8121,Negative
117,117,2020-06-07,Good for office use...I bought this for my office use...like the smell...,Good one....,5,0.209,0.0,0.791,0.4404,Positive
118,118,2020-07-09,Squeezing knob is not there as per the picture and now I am not able to return the product due to change in policy. How will i use this sanitizer without squeezing knob? Total waste of money for me. Product should be as per the description and image.,Not as per the description and image,1,0.0,0.059,0.941,-0.4215,Negative
119,119,2020-07-24,"The product looking different than the initial lifebuoy sanitizer, may be its seconds!",Not looking genuine!,2,0.0,0.0,1.0,0.0,Neutral
120,120,2020-07-08,Although it shows as tap but it's not. It comes with a vulve and not a tap. So you have to hold the bottle and then pull the vulve open and then pour on your hands.The thickness is a little less dense as well.,Doesn't come with a tap,1,0.053,0.0,0.947,0.3081,Positive
121,121,2020-07-11,"Horrible product, very strong cent smell contains mainly ethanol careful when using it","Horrible product, very strong cent smell contains mainly ethanol careful when using it",1,0.278,0.187,0.535,0.1761,Positive
122,122,2020-09-01,This is not the product in the image. Its a different product and it now cannot be returned.The pump nozzle is missing. It was not declared anywhere in the product description either!!!,Different to the image. Nozzle missing,1,0.0,0.093,0.907,-0.4724,Negative
123,123,2020-06-07,"Careful, each bottle has different smell and alchohol combinations. Pump leaks even when kept unpressed.",Bad,1,0.103,0.0,0.897,0.1531,Positive
124,124,2020-07-09,My order was 3 nos lifebuoy hand sanitizer dispenser type but deleverd to me non dispenser type . When call by me on customer care it taken 75 minutes but my problem not shout out. So I dislike this product.,Dislike non dispenser hand sanitizer,1,0.135,0.171,0.695,-0.4018,Negative
125,125,2020-07-27,"I am little unsatisfied with the product shape and package bcz it is different which was shown in the image in which is pump type and what I have received is not like that , it's nozzel is different . Otherwise it's a good product",Different from the image,4,0.065,0.102,0.833,-0.1573,Negative
126,126,2020-06-22,I paid what they asked i got a normal bottle without press tube,pathetic,2,0.0,0.0,1.0,0.0,Neutral
127,127,2020-07-05,"Product doesn't actually have push type dispenser. You will have to pour it on your hand. Otherwise, product is good.",No push-type dispenser,4,0.253,0.0,0.747,0.7269,Positive
128,128,2020-06-04,The original lifebouy scents is missing on this product they are unable to maintain quality and didn't think this is right,scents is missing,2,0.098,0.094,0.809,0.0258,Positive
129,129,2020-07-04,The photo shown is of Push On Top model whereas what has been delivered is ‚ÄòTurn Bottle Upside down to pour‚Äô. I specifically wanted push model which was shown in picture. Incorrect practice. Disappointed.,Different Bottle Model,1,0.05,0.086,0.864,-0.3182,Negative
130,130,2020-07-08,It's ordinary. Labled as life boy. Poor bottling. And not comfortable use,Poor,2,0.0,0.367,0.633,-0.7005,Negative
131,131,2020-07-05,It happened multiple times that they show bottles with pump in the product page but deliver one without. I specifically got this one because I needed the pump and got one without. Its completely useless and even returns are not taken.,Misleading product description,1,0.08,0.0,0.92,0.5144,Positive
132,132,2020-07-01,"value for money, but product differ from the description as it nozle is not same as shown in the picture but overall product is value for money",good and quality sanitizer,5,0.161,0.0,0.839,0.5859,Positive
133,133,2020-07-12,"I ordered for the bottle witn a pump, but I got the one without it, it's really very bad. I got it 3 days back, but didn't open the bottle till now. Thinking what to do. .",Bottle is without a pump,4,0.0,0.157,0.843,-0.7655,Negative
134,134,2020-07-18,Seems good gel preparation but lathers like handwash,nice one but lathers in wet hands,4,0.464,0.0,0.536,0.6369,Positive
135,135,2020-05-22,Fake product,Fake,1,0.0,0.756,0.244,-0.4767,Negative
136,136,2020-06-08,Product is good but one problem is its not sealed bottle.,Not sealed bottle.,2,0.134,0.245,0.621,-0.3818,Negative
137,137,2020-07-03,"Its not push head top as shown in the picture while purchasing, don't mislead mr. seller!",Incorrect model,2,0.0,0.112,0.888,-0.2225,Negative
138,138,2020-07-27,"I expected to receive bottle with different cap, different than picture. Hard to take the liquid out.",Received different bottle,3,0.0,0.085,0.915,-0.1027,Negative
139,139,2020-05-23,Product was very good.. but delivery experience is horrible. delivery agent was not wearing hand gloves. Packaging didn't have extra Plastic covering for sanitisation purpose. Doubt about sanitisation procedure.,Delivery is risky,4,0.0,0.306,0.694,-0.9089,Negative
140,140,2020-06-21,ùô£ùô§ùô© ùôßùôöùôòùôûùôöùô´ùôöùôô ùô®ùôñùô¢ùôö ùôñùô® ùô®ùôùùô§ùô¨ùô£ ùôûùô£ ùôñùôóùô§ùô´ùôö ùôóùô™ùô© ùô®ùôöùô£ùôûùô©ùôûùôØùôöùôß ùôûùô® ùô´ùôñùô°ùô™ùôö ùôõùô§ùôß ùô¢ùô§ùô£ùôöùôÆ,not recived same type of bottle,1,0.0,0.0,1.0,0.0,Neutral
141,141,2020-08-19,i didnt received a pressure pump with it i want replace or refund fast,no pump with it cant use it easy,1,0.262,0.0,0.738,0.2933,Positive
142,142,2020-09-01,One of the bottle is seal-opened. Some quantity is less in the pack as compared with the other pack. Please return it. It is serious breaching of quality assurance.,Seal opened pack received.,1,0.147,0.041,0.812,0.5267,Positive
143,143,2020-08-28,"There is no pump for the bottle as shown in the picture, highly misleading. Yet to check if it is an authentic product.",Bad seller,1,0.0,0.198,0.802,-0.6361,Negative
144,144,2020-06-08,Good hand sanitizer and the smell is also very good,Good sanitizer,5,0.57,0.0,0.43,0.8516,Positive
145,145,2020-05-29,If u want to buy senitizer.Then go for it.,Best senitizer,5,0.157,0.0,0.843,0.0772,Positive
146,146,2020-06-28,I am sorry to say that though I use this product regularly but this time I think product is not perfect and fragrance also different. But there's no provision to change so I keep it with me as useless item,Very very disappointing product,1,0.0,0.267,0.733,-0.8921,Negative
147,147,2020-06-03,"Though it's price high, it is a 'good quality product', which 'actually' everybody want. Practically no skin damage(example  rash) is happened after using it as other normal sanitizer",Superb,5,0.138,0.072,0.789,0.25,Positive
148,148,2020-07-03,"Bad Item, Two buys. Spray of both are not working.Broken and not working.Bad product to buy, seems to not checked before dispactghed",Bad Packing,1,0.0,0.143,0.857,-0.5423,Negative
149,149,2020-06-28,What promised and what i received is totally different. It was shown a pump bottle but received a different normal bottle. Didn't expect this from amazon.,No pump bottle,5,0.153,0.0,0.847,0.4215,Positive
150,150,2020-09-15,I still doubt if the product I received is original. Also there is no dispenser. Sowing some other picture and sending the product with some other specification. Not good,Doubt if the product is original,2,0.071,0.219,0.71,-0.5867,Negative
151,151,2020-06-22,Overall quality and scent are very good but Bottle Dispenser not provided.,Bottle Dispenser Not Provided,4,0.16,0.0,0.84,0.2724,Positive
152,152,2020-07-08,Seems like a duplicate product. Does not contain alcohol at all. This not eligible for return also. Waste of money,Seems like duplicate. Does not contain alcohol at all,1,0.112,0.126,0.762,-0.0772,Negative
153,153,2020-07-24,The dispensing cap is different as shown in the photo and the one which I received. W big let down.Someone needs to clean this mess up.,Good product. Bad dispenser,3,0.098,0.104,0.798,-0.0451,Negative
154,154,2020-05-15,I used it for the first time during lockdown. No doubt a good product. Happy to use it to stay safe from germs.,Undoubtedly a nice hand sanitizer,5,0.315,0.156,0.53,0.7003,Positive
155,155,2020-06-19,"Nice product, very useful. Completely value for money. Definitely going to recommend Lifebuoy sanitizer to others.",Nice product,5,0.563,0.0,0.437,0.9209,Positive
156,156,2020-05-08,Total faltu....,TatAl faltu.... crying_face  crying_face  crying_face ,1,0.0,0.0,1.0,0.0,Neutral
157,157,2020-07-04,Received without dispenser. That means product is different from the photograph. Packaging also poor.,"Received without dispenser, product is different from the photograph.",1,0.0,0.193,0.807,-0.4767,Negative
158,158,2020-09-01,"I ordered for the sanitizer with the pump. But it did bit come with pump. Also it does not feel like it has any alcohol content in it. Only the fragrance is good. Apart from it, it is useless",Missing the pump,1,0.085,0.141,0.774,-0.3643,Negative
159,159,2020-06-29,Company is fooling people by reducing quantity in bottles. The bottle mentions 500 ml whereas it weighs 450 ml including bottle weight and scent is so bad. Thickness of gel has also reduced.,Poor quality product,2,0.0,0.188,0.812,-0.8015,Negative
160,160,2020-07-26,Beat of class in use and smell,Best of class in use,5,0.0,0.0,1.0,0.0,Neutral
161,161,2020-06-19,Pleasant and sweet smelling. Soft on skin.,I like it,5,0.558,0.0,0.442,0.743,Positive
162,162,2020-06-02,Don't know why people are here with negative review. It's a original product. Go for it. Received in very good condition. Thank you amazon.,All good,5,0.315,0.117,0.569,0.6436,Positive
163,163,2020-08-09,Absolutely rubbish. The pump unit got broken while twisting the dispenser tip for use. Seems to be a duplicate product.,Very bad,1,0.0,0.147,0.853,-0.4767,Negative
164,164,2020-06-13,"Lifebuoy's Sanatizer has satisfied all the parameters I was looking for. It has got 70 %w/w alcohol, alovera extract. Product is smells good, kills germs. Value for money.",Scented Sanatizer | 70%w/w alcohol | value for Money,5,0.234,0.101,0.665,0.5574,Positive
165,165,2020-07-07,"I wanted a pump type bottle, as I was told and shown in the product photo but I got a sanitizer bottle with such a packing. I was very disappointed.",Bottle without pump.,1,0.0,0.173,0.827,-0.6798,Negative
166,166,2020-08-20,Ordered a press type..received a pull button type..frustated..!,Recieved different dispenser type..!  thumbs_down ,2,0.0,0.0,1.0,0.0,Neutral
167,167,2020-07-13,Nosal not included as shown in the picture.,Nosal not included,3,0.0,0.0,1.0,0.0,Neutral
168,168,2020-06-10,One of the best sanitizer in the market.,Superb product,5,0.375,0.0,0.625,0.6369,Positive
169,169,2020-05-06,Its plunger is leaking. The product is ok otherwise. Scent n consistency is good,Its ok,4,0.317,0.0,0.683,0.6249,Positive
170,170,2020-07-01,Hand sanitizer is good but....after using the sanitizer...the sanitizer keep falling from the bottle continuously... Other wise ..it is best,Value for money,5,0.447,0.053,0.5,0.9153,Positive
171,171,2020-07-06,Deliver in different type of bottle,Good product,4,0.0,0.0,1.0,0.0,Neutral
172,172,2020-05-24,The item received is fake. The seal on the top of the hand pump is not original and locally fabricated. The product contains black external sediments.,Fake product,1,0.156,0.158,0.686,-0.016,Negative
173,173,2020-06-19,Extremely good quality sanitizer. Smell is really nice.,Excellent product,5,0.512,0.0,0.488,0.742,Positive
174,174,2020-05-20,It would have been better if you bubble wrap the product because the tip of the product or the squeezing part was broken. And as you know without that it will be difficult to use the product.,Bubble wrap,4,0.068,0.132,0.8,-0.4019,Negative
175,175,2020-07-06,Orders pump type and received cap type,Wrong type of product delivery,1,0.0,0.0,1.0,0.0,Neutral
176,176,2020-09-03,Good product,Value for money,3,0.744,0.0,0.256,0.4404,Positive
177,177,2020-05-27,Nice and reliable product from lifebuoy. Also having nice smell and soft on hands. Very useful these days.,Nice sanitizer,5,0.37,0.0,0.63,0.8313,Positive
178,178,2020-09-04,lovely product,nice scent,5,0.792,0.0,0.208,0.5859,Positive
179,179,2020-08-18,Received only sanitizer bottle not received spraying system as per product image,Not received as per product image,2,0.0,0.0,1.0,0.0,Neutral
180,180,2020-07-15,"BUY IT, ITS OK..","GOOD, BUT WHEN I BOUGHT PRICE IS HIGH.",3,0.0,0.0,1.0,0.0,Neutral
181,181,2020-08-06,Product is not nice.it looks like a fake product,Fake,2,0.0,0.465,0.535,-0.6381,Negative
182,182,2020-07-10,I think it is a fake product. Smell is not at all good. Same sanitizer I bought from local shop now. It has good smell.,Fake product,2,0.0,0.294,0.706,-0.7853,Negative
183,183,2020-06-30,"It is great quality-wise, but compared to competitive brands, it's pricing on a higher side!!",Great quality but a bit overpriced,4,0.302,0.0,0.698,0.6351,Positive
184,184,2020-05-30,The product cap was broken and liquid appears to be either leaked or replaced .... disappointed with the product. ..unusable as don't know if it's safe ...and no return policy,Not worth it ...adds hygiene concerns rather than solve for,1,0.075,0.277,0.648,-0.7783,Negative
185,185,2020-06-12,"Product is good but odor is not good. I bought another a pocket size lifebuoy sanitizer, it's odor is good. But this product has not good smell",Odor,2,0.391,0.0,0.609,0.926,Positive
186,186,2020-05-27,"The item was torn, and leaked. Some item is missing. I received the product open so giving one star for the awful delivery. Can't use it. Waste. Item is damaged and defective.",Very bad. Torn and leaked.,1,0.125,0.35,0.526,-0.8339,Negative
187,187,2020-09-03,"Pump not included in this bottle,fully disappointed,pump shown in picture, don't cheat anyone like this,plz mention correct information and actual pics",Fully disappointed,4,0.105,0.089,0.805,0.0951,Positive
188,188,2020-06-01,Good Product and easy to use.,Nice Product,5,0.592,0.0,0.408,0.7003,Positive
189,189,2020-06-17,This is a fake product. The print quailty of the label and the viscosity clearly indicates it to be fake. No doubts about it,Fake product,1,0.086,0.339,0.575,-0.7845,Negative
190,190,2020-08-18,Excellent product. But I ordered bottle with pump but got without pump,Excellent product,4,0.19,0.0,0.81,0.3291,Positive
191,191,2020-06-17,Value for money,Good one,5,0.545,0.0,0.455,0.34,Positive
192,192,2020-08-01,GOOD PRODUCT..THE NAME LIFEBUOY GIVES A MENTAL PEACE..,LIFEBUOY SANITISER,4,0.326,0.0,0.674,0.4404,Positive
193,193,2020-06-29,Nozzle is different as it is shown here,Different than picture,4,0.0,0.0,1.0,0.0,Neutral
194,194,2020-06-21,MUCH BETTER THAN OTHER COMPANY AND IT'S REAL ONE BUT ORDERED BOTTLE MAY VARY,GOOG,4,0.13,0.0,0.87,0.2382,Positive
195,195,2020-05-22,The item I have received is broken and leaking.Can I get a refund or replace my product.,Broken item,1,0.0,0.193,0.807,-0.4767,Negative
196,196,2020-08-21,The description of the product say it is a pack of 5. But when the product actually get delivered it's just a single bottle of 500ml. Not that much worthy.,Not that much worth,2,0.0,0.103,0.897,-0.4782,Negative
197,197,2020-06-14,Perfect gel for drop on palms,Perfect sanitiser,5,0.378,0.214,0.408,0.3818,Positive
198,198,2020-08-04,If looking for scented sanitizer then not for you,Good one,4,0.0,0.0,1.0,0.0,Neutral
199,199,2020-08-25,Please do not expect pump on the bottle. As in picture they show a bottle with pump but actually you do not get a pump.,Bottle came without pump.,1,0.07,0.0,0.93,0.1655,Positive
200,200,2020-07-10,Good buy,Good buy from Unilever range,5,0.744,0.0,0.256,0.4404,Positive
201,201,2020-08-29,Best sanitizer in gel,best gel sanitizer,5,0.583,0.0,0.417,0.6369,Positive
202,202,2020-07-10,Excellent in all respects.,Lifebuoy Alcohol Based Hand Sanitizer - Best Hand Sanitizer compared to orhers,5,0.75,0.0,0.25,0.7184,Positive
203,203,2020-06-18,I ordered this product looking forward to have a pump facility but i have received the product as shown in the photo i have attached which makes me very much disappointing.,Product sent doesn't look like the product shown.,2,0.0,0.154,0.846,-0.6925,Negative
204,204,2020-05-30,It's not traditional hand sanitizer. Some prasanna base is used for this sanatizer which makes it totally waste. Don't see the logo only see the composition as well.,Not as per expectations,2,0.064,0.174,0.762,-0.5605,Negative
205,205,2020-07-06,I was expecting sanitizer bottle with pump so that my kids can use it without my assistance. But I got squeezing type bottle. Please replace it with pumping type bottle.,Replacement request,4,0.098,0.0,0.902,0.4497,Positive
206,206,2020-08-15,It's not as shown in picture it's without pump,Without pump,3,0.0,0.0,1.0,0.0,Neutral
207,207,2020-05-05,Product quality is good but Linkage bottle received,Damage bottle,3,0.218,0.0,0.782,0.2382,Positive
208,208,2020-07-07,Product is not as shown / displayed on Amazon..... Looks duplicate,Looks duplicate ....Don't buy,1,0.0,0.0,1.0,0.0,Neutral
209,209,2020-07-03,"The bottle received does not have a dispensing knob as shown in pic, so useless product. Also by looking at the packaging, it looks duplicate",Seems duplicate. Lifebuouy shouldn't be making such poor quality packaging.,1,0.0,0.136,0.864,-0.5598,Negative
210,210,2020-05-21,Good product,Good sanitizer,5,0.744,0.0,0.256,0.4404,Positive
211,211,2020-07-18,Really authentic product from Hindustan Unilever and delivered also in good condition. It is easy to use due to dispenser.,Quality hyeigine with Lifebuoy.,5,0.244,0.0,0.756,0.7003,Positive
212,212,2020-06-19,It doesn't seems original and while storing it it was leaking.,Doesn't seems original,2,0.0,0.164,0.836,-0.2411,Negative
213,213,2020-06-05,Very good,Good,5,0.762,0.0,0.238,0.4927,Positive
214,214,2020-08-23,"Good smell, good package, nd easy to use. Harmless nd good for our hands.",Pretty good.,5,0.602,0.0,0.398,0.9118,Positive
215,215,2020-07-11,timely delivery. well packed. product in original seal. alcohol based hand sanitiser.,good product,5,0.458,0.0,0.542,0.765,Positive
216,216,2020-07-22,Squeeze nozzle sent instead of pump nozzle. Otherwise fine...,Nice!,5,0.0,0.0,1.0,0.0,Neutral
217,217,2020-07-11,Good,Nice,5,1.0,0.0,0.0,0.4404,Positive
218,218,2020-07-12,Good,Go for it,4,1.0,0.0,0.0,0.4404,Positive
219,219,2020-07-04,This product is different from what is shown in the picture. It doesn't have spraying knob it is like normal bottle. I don't recommend this pro duct at all. Cheaters,Wrong product details mentioned on amazon,1,0.075,0.15,0.776,-0.3632,Negative
220,220,2020-07-07,"Completely duplicate product as I've used this product before, scent completely different from original and not good. Totally waste of money don't buy this product.",Duplicate product,1,0.173,0.082,0.745,0.4032,Positive
221,221,2020-08-31,There no pump as mentioned in details.,Made me fed up with the pump .,1,0.0,0.268,0.732,-0.296,Negative
222,222,2020-05-26,1 dispenser bottle was not sealed and contents spilled over. Had to throw off the empty bottle.,1 bottle was totally damaged and liquid spilled over,1,0.0,0.107,0.893,-0.2023,Negative
223,223,2020-05-29,Good,Super,4,1.0,0.0,0.0,0.4404,Positive
224,224,2020-05-29,Very poor quality.liqud was dilute and one bottle was broken and half empty.,Waste of money,1,0.0,0.453,0.547,-0.807,Negative
225,225,2020-07-17,Send another to displayed item,Unsatisfactory,1,0.0,0.0,1.0,0.0,Neutral
226,226,2020-06-20,I ordered the product with nosel not with cap. It is disappointing. But the product is good,Hand sanitizer,4,0.193,0.105,0.702,0.4118,Positive
227,227,2020-06-02,Good item,Good item,5,0.744,0.0,0.256,0.4404,Positive
228,228,2020-06-17,Good,Good,5,1.0,0.0,0.0,0.4404,Positive
229,229,2020-06-08,Nice,Nice,5,1.0,0.0,0.0,0.4215,Positive
230,230,2020-09-24,Sanitizer keeps dripping from Nozzle. The pump used is poor quality.,Poor quality mechanism.,2,0.0,0.237,0.763,-0.4767,Negative
231,231,2020-08-22,"NO dispenser..Be aware..Everytime you should be going through lift,tilt,rotate,press process.But refreshment level is fine like Dettol",DISPENSER TACTIC OF LIFEBUOY,3,0.213,0.145,0.643,0.0943,Positive
232,232,2020-05-05,Sanitaizer was leaked,Leaked,2,0.0,0.535,0.465,-0.3182,Negative
233,233,2020-05-25,The bottle is damaged and empty...so depressing. In this crucial pendamic period the responsibility of genuine product is highly expected.,Damaged product,1,0.0,0.234,0.766,-0.6705,Negative
234,234,2020-07-07,Package sprayer lid broken.I ordered for sprayer. If the lid is broken and half of the liquid lost what is the use of ordering sprayer.Totally it is useless.,Waste of purchasing,1,0.0,0.247,0.753,-0.802,Negative
235,235,2020-09-07,I have ordered with seeing the picture where fountain/spraying pump was there but when product delivered it was not there??,Sanitizer with spraying pump,4,0.0,0.0,1.0,0.0,Neutral
236,236,2020-07-21,Easy to use and has a pleasant scent no need of water for sanitizing the hands,Handy for sanitising the hands,5,0.304,0.108,0.588,0.6124,Positive
237,237,2020-06-16,Lovable product,Lovable product,5,0.8,0.0,0.2,0.6124,Positive
238,238,2020-07-31,Product quality is excellent.Price is little differ as in local market price is 210 for 500 ml and but hare is 249.,Price issue,5,0.0,0.0,1.0,0.0,Neutral
239,239,2020-06-11,Do not buy. Received broken product. No return policy.,Deceived,1,0.217,0.187,0.596,0.091,Positive
240,240,2020-06-02,Item has received broken &amp; leakage condition due to improper material packaging&amp; mishandling.otherwise item delivered in time &amp; quality of sanitizer is too good.,Sanitizer review,5,0.104,0.111,0.786,-0.0516,Negative
241,241,2020-09-07,Only Get A bottle With 500 ml Sanitizer. Nozzle as shown in figure not provided.but offiline purchase you can get in less prize with nozzle.,Not nozzle Provided as shown in figure,1,0.116,0.0,0.884,0.4601,Positive
242,242,2020-05-21,I recommend not to buy this. Recived broken product without replacement policy.,Damage products,1,0.171,0.212,0.616,-0.1531,Negative
243,243,2020-09-04,The picture shows a dispenser but the delivery was of 2 squeeze bottles. I specifically chose dispenser coz that's what I wanted.,Picture and actual product differ,1,0.0,0.0,1.0,0.0,Neutral
244,244,2020-07-06,Closure cap doesn't match image,Bad,3,0.0,0.0,1.0,0.0,Neutral
245,245,2020-07-28,Got different packaging. Not as the picture mentioned. It doesn't smell like Lifebouy sanitizer usually smell. I dont think it's original product.,Different product,1,0.0,0.176,0.824,-0.4717,Negative
246,246,2020-06-19,Very bad experience. One 500 ml pack. Description is 10 small 3 Verity content.how carrying &amp; Use it ?Very big size,Not match contents size...,2,0.0,0.166,0.834,-0.5849,Negative
247,247,2020-07-11,Its not original..,Quality is not as original,1,0.0,0.0,1.0,0.0,Neutral
248,248,2020-07-02,What should i write here. Not happy with incorrect product. I can use VIM dish-wash liquid bottle beside ordering this bottle.,I ordered dispenser bottle.,2,0.0,0.143,0.857,-0.4585,Negative
249,249,2020-05-03,Nice product.,Deliver early in lockdown period,5,0.737,0.0,0.263,0.4215,Positive
250,250,2020-07-15,I didn't order this type of bottle....I ordered the bottle with pressing nob....But I received a normal one.,Not satisfied with bottle,1,0.0,0.0,1.0,0.0,Neutral
251,251,2020-06-26,Product delivered without pump which is shown in product description.,Different packaging,1,0.0,0.0,1.0,0.0,Neutral
252,252,2020-06-21,"It doesn't have pump, order only if you can manage with squeeze type.",No hand dispenser,3,0.0,0.0,1.0,0.0,Neutral
253,253,2020-07-05,"What so image shown of the product, it wasn't the same.",Lifebouy Hand sanitizer,4,0.0,0.0,1.0,0.0,Neutral
254,254,2020-08-29,Worst product..surely a duplicate product as the fragrance of it differs from the one bought online and its more like water,Duplicate product,1,0.112,0.165,0.723,-0.3197,Negative
255,255,2020-07-06,"Product received is not as shown in the picture. The bottle gas no pressing pump, so it's difficult to use.",Pressing pump required,4,0.0,0.217,0.783,-0.6096,Negative
256,256,2020-07-03,Unlike lifebouy total it dosnot have perfume fragrance in it,See before buy,4,0.0,0.0,1.0,0.0,Neutral
257,257,2020-05-31,i received bottle with only half liquid their.i received bottle with wrost condition. and it is not repundble. dont buy it.,dont buy it. it seems to me duplicate product.,1,0.0,0.0,1.0,0.0,Neutral
258,258,2020-08-08,Very good,Very good,5,0.762,0.0,0.238,0.4927,Positive
259,259,2020-06-05,Value for money,Good,5,0.545,0.0,0.455,0.34,Positive
260,260,2020-07-13,Nothing to say,Very good,5,0.0,0.0,1.0,0.0,Neutral
261,261,2020-05-29,Nice Gel based product and also have good fragrance.,Must buy,4,0.449,0.0,0.551,0.6908,Positive
262,262,2020-07-08,I had ordered a sanitizer with a pump. Where as the one received is without a pump. It doesn't solve my purpose.,Received one without a pump.,1,0.0,0.086,0.914,-0.1511,Negative
263,263,2020-06-15,Sanitizer Quality Is Vary Good smiling_face_with_heart-eyes  smiling_face_with_heart-eyes  But Packing &amp; Pumping Spry Vary Bad. pouting_face  pouting_face  pouting_face ,Good Quality,5,0.09,0.219,0.691,-0.5859,Negative
264,264,2020-05-31,Value for money.,True value for money,5,0.545,0.0,0.455,0.34,Positive
265,265,2020-06-14,Product is counterfeit. Bottle wasn‚Äôt sealed. It‚Äôs looks like someone tempered with the product. Product is not refundable. Now stuck with the same.,Counterfeit Product,1,0.168,0.0,0.832,0.5007,Positive
266,266,2020-05-30,The product is good enough but the pump of sanitizer is not working so i m very disappointed with that,Pump is not working,3,0.085,0.218,0.697,-0.6196,Negative
267,267,2020-09-14,I have order the lifebouy hand sanitizer total which have a pump but I received the product without any pump and it was another product.,Received another product,1,0.091,0.0,0.909,0.2732,Positive
268,268,2020-09-07,"‡§ï‡•ã‡§à ‡§≠‡•Ä ‡§á‡§∏ ‡§ï‡•ã ‡§®‡§π‡•Ä‡§Ç ‡§ñ‡§∞‡•Ä‡§¶‡•á, ‡§ï‡•ç‡§Ø‡•ã‡§Ç‡§Ç‡§ï‡§ø ‡§Ø‡•á ‡§¨‡§ó‡•à‡§∞ ‡§∏‡•ç‡§™‡•ç‡§∞‡•á ‡§ó‡§® ‡§ï‡•á ‡§≠‡•á‡§ú‡§§‡•á ‡§π‡•à‡§Ç ‡§î‡§∞ ‡§µ‡§æ‡§™‡§∏‡•Ä ‡§®‡§π‡•Ä‡§Ç ‡§π‡•ã‡§§‡•Ä ‡§π‡•à‡•§‡§¶‡§ø‡§ñ‡§æ‡§§‡•á ‡§ï‡•Å‡§õ ‡§î‡§∞ ‡§≠‡•á‡§ú‡§§‡•á ‡§ï‡•Å‡§õ ‡§î‡§∞ ‡§π‡•à‡•§ ‡§∏‡§¨ ‡§¨‡§ï‡§µ‡§æ‡§∏‡•§",‡§†‡§ó ‡§µ‡§ø‡§¶‡•ç‡§Ø‡§æ ‡§π‡•à‡•§,1,0.0,0.0,1.0,0.0,Neutral
269,269,2020-05-25,Product quality is not good. The same product I have buy on the retail stores is better than the product which I received. Both are of same company.,Product quality not good.,1,0.099,0.082,0.819,0.1265,Positive
270,270,2020-07-07,recieved a wrong product from...all my money wasted,very bad experience,1,0.0,0.558,0.442,-0.743,Negative
271,271,2020-07-08,I ordered for sanitizer with pumpI got this With out pump,I got this without pump,1,0.0,0.0,1.0,0.0,Neutral
272,272,2020-06-29,Best alchohol based sanitizer.. nice fragrance... trusted brand,Best product,5,0.669,0.0,0.331,0.8779,Positive
273,273,2020-09-22,Good product. Smell is awesome,Good deal,5,0.7,0.0,0.3,0.7906,Positive
274,274,2020-05-28,The product is duplicate. Even the date of expiry is clearly manipulated. Cheap quality product nowhere close to the original lifebouy sanitizer.,Fake product,1,0.188,0.098,0.714,0.34,Positive
275,275,2020-05-31,Product received within time,Nice,4,0.0,0.0,1.0,0.0,Neutral
276,276,2020-07-18,The sole is broken. And the sanitizer is not like original. It was so thin,Products sill is also broken and so bad,3,0.0,0.374,0.626,-0.7329,Negative
277,277,2020-05-26,I ordered for two bottles of lifebuoy hand sanitizer. One bottle was damaged and a little amount of liquid almost 50g come out side from bottle.,Damaged product try to make it better.,1,0.114,0.103,0.783,0.0772,Positive
278,278,2020-06-01,I ordered Lifeboy Hand Sanitizer but it turned out to be Dabur Hand SanitizerIt's magic,Product change. Good,1,0.348,0.0,0.652,0.7506,Positive
279,279,2020-08-26,Good Product,Very Nice,5,0.744,0.0,0.256,0.4404,Positive
280,280,2020-06-12,Bottle break in package,Received defective bottle or quality of bottle is poor,3,0.0,0.0,1.0,0.0,Neutral
281,281,2020-06-02,Thanks u Amazon... For a nice product at right price...  smiling_face_with_smiling_eyes  smiling_face_with_smiling_eyes  smiling_face_with_smiling_eyes  thumbs_up  OK_hand ,Really good product.... Go for it,5,0.341,0.0,0.659,0.6908,Positive
282,282,2020-06-18,Good product. Scent are good as expected,Good air tight packaging,5,0.537,0.0,0.463,0.7003,Positive
283,283,2020-06-09,"Value for money, smells very nice .I will kept this sanitizer at my shop to sanitize the hand and cash of the customer",Good,4,0.303,0.0,0.697,0.8268,Positive
284,284,2020-06-18,I but this in lockdown only it's nice pump is also strong,Nice,5,0.475,0.0,0.525,0.8462,Positive
285,285,2020-07-09,Product showing with pump but delivering with cap. Delivering completely different lifebuoy product.,Dont buy,1,0.0,0.0,1.0,0.0,Neutral
286,286,2020-08-04,No dispenser cap!!!!Disappointed customer..,Wrong description..,1,0.0,0.529,0.471,-0.5216,Negative
287,287,2020-06-22,No dispencery with this... Fake image provided,Bad,2,0.0,0.515,0.485,-0.6486,Negative
288,288,2020-05-19,I got damaged product.very disappointing.,Damaged product,1,0.0,0.753,0.247,-0.7269,Negative
289,289,2020-05-27,Not original Product packing was tempered...duplicate product received..,Duplicate product received,1,0.0,0.219,0.781,-0.2411,Negative
290,290,2020-09-01,"It doesn't not come with a nozzle, and it cannot be returned.Misleading product description.",Misleading product description,1,0.0,0.0,1.0,0.0,Neutral
291,291,2020-06-15,Good,good,5,1.0,0.0,0.0,0.4404,Positive
292,292,2020-06-04,There was a insect inside the wrapper,Good but can be better,5,0.0,0.0,1.0,0.0,Neutral
293,293,2020-09-02,The pump is missing. I only received the bottle. Now I don‚Äôt know how to use it properly without a pump. Very disappointed.,Pump is missing,2,0.121,0.096,0.784,0.1458,Positive
294,294,2020-05-28,Awesome product  OK_hand  OK_hand  thumbs_up  just a drop and it is very effective,Effective sanitizer,5,0.403,0.113,0.484,0.7501,Positive
295,295,2020-09-10,Top squeezing cap showings in the picture is missing. Sanitise well high alcohol content.,Missing parts,1,0.228,0.129,0.643,0.1779,Positive
296,296,2020-06-15,Good very useful,Good,5,0.859,0.0,0.141,0.7264,Positive
297,297,2020-08-25,Product is not as shown in the picture as there is no press release mechanism. Disappointed as didn‚Äôt get what I paid for.,Sanitizer delivered without press release mechanism,3,0.0,0.209,0.791,-0.6486,Negative
298,298,2020-08-25,This is not pump bottle as shown on pic.,Wrong product,1,0.0,0.0,1.0,0.0,Neutral
299,299,2020-08-28,The bottle did not have the hand press dispenser pump as shown in the photograph,The bottle did not have the hand press dispenser pump as shown in the photograph,2,0.0,0.158,0.842,-0.3875,Negative
300,300,2020-06-27,"Don't buy this product, takes too long to deliever, product is not as shown in the picture...Don't buy this once and for all","One of the worst, product delivery time is too long 2 weeks really",1,0.0,0.0,1.0,0.0,Neutral
301,301,2020-08-15,Counterfeit product delivered,Not original,1,0.0,0.0,1.0,0.0,Neutral
302,302,2020-08-01,Item is not the pump model shown but a refill type packet. Incorrectly product description to misguide.,Incorrect product shown,1,0.0,0.0,1.0,0.0,Neutral
303,303,2020-07-14,Delivered on time and properly packedA good product to rely on and use to keep you and your family safe during this time,Good product,5,0.216,0.0,0.784,0.7003,Positive
304,304,2020-09-04,Good product with trust of lifebuoy...,Best in the market,5,0.608,0.0,0.392,0.7351,Positive
305,305,2020-08-26,Very nice and easy to use... Fragrance like much better than other sanitizers.,Awet,5,0.564,0.0,0.436,0.8923,Positive
306,306,2020-06-03,Very good and useful. It's value for money.,Very good product,5,0.637,0.0,0.363,0.8297,Positive
307,307,2020-05-28,IT IS NOT LIKE THE CHOTA PACK OF 10 RS BUT GOOD .,GOOD PRODUCT,4,0.295,0.109,0.596,0.6277,Positive
308,308,2020-06-03,Good product,Value for money,4,0.744,0.0,0.256,0.4404,Positive
309,309,2020-06-17,The sanitizer is broken from the top. We are not returning but. But experience with amazon is not growing good.,Received Damaged Product.,1,0.136,0.273,0.591,-0.5402,Negative
310,310,2020-06-16,Nice,Nice,5,1.0,0.0,0.0,0.4215,Positive
311,311,2020-07-08,Unsealed productToo risky to use,Too risky,1,0.0,0.31,0.69,-0.2023,Negative
312,312,2020-08-18,Good,Good,5,1.0,0.0,0.0,0.4404,Positive
313,313,2020-06-26,Fake product,Not buy product,1,0.0,0.756,0.244,-0.4767,Negative
314,314,2020-06-08,Great,Value for money,5,1.0,0.0,0.0,0.6249,Positive
315,315,2020-07-04,the cap is different as compared to the product image shown. very difficult to use the cap provided...unsatisfactory,the cap is different as compared to the product image shown,3,0.0,0.141,0.859,-0.4201,Negative
316,316,2020-08-27,It's not the same one which l ordered....and on top of it I can't return it.dont buy it.. not recommendable.,Not the same one which shows in picture,1,0.096,0.0,0.904,0.2023,Positive
317,317,2020-07-12,Bottle looks different from the picture...it does not have a dispenser. Otherwise product is good.,Does not look same as picture,4,0.182,0.0,0.818,0.4404,Positive
318,318,2020-05-25,"Seal was broken, about ¬º of the quantity was already spilled in the box, even the product seems to be duplicate","Seal opened, duplicate product",1,0.0,0.14,0.86,-0.4767,Negative
319,319,2020-07-18,Best,best,4,1.0,0.0,0.0,0.6369,Positive
320,320,2020-06-13,Something that you must have in current Covid situation.,Essential product,5,0.0,0.0,1.0,0.0,Neutral
321,321,2020-07-13,"I was expecting dispenser, this one totally disappointed me","Send only dispenser , it's safe to use",4,0.0,0.326,0.674,-0.5256,Negative
322,322,2020-07-02,"While placing the order it was shown that with pump, but received without pump... Hence send two pumps immediately",No pumps,1,0.0,0.0,1.0,0.0,Neutral
323,323,2020-09-03,Product was different from shown. Cap was different.,Different cap,4,0.0,0.0,1.0,0.0,Neutral
324,324,2020-06-19,So sad because the pressing cap was damaged... this product has no return policy also.. better to buy from an offline shop..,Damaged pressing cap..,1,0.104,0.253,0.643,-0.4927,Negative
325,325,2020-05-06,"Thank you Amazon for delivers this product,, I really need this at home,Fast delivery, smell good and soft the hands.",Best Sanitizer Product,5,0.307,0.0,0.693,0.7269,Positive
326,326,2020-06-03,Product is not good it's been leacking since day one I ordered it for my car but it continuously leak.,Not a good product from lifebuoy,1,0.0,0.22,0.78,-0.5863,Negative
327,327,2020-08-08,Good product,Good product,5,0.744,0.0,0.256,0.4404,Positive
328,328,2020-06-18,I have ordered push bottle and get different  anxious_face_with_sweat ,have ordered push bottle and get different,3,0.0,0.0,1.0,0.0,Neutral
329,329,2020-07-12,Very good,Very good,5,0.762,0.0,0.238,0.4927,Positive
330,330,2020-07-04,Received products with out spray nozzle,Received products with out spray nozzle,1,0.0,0.0,1.0,0.0,Neutral
331,331,2020-07-14,Allover good,Good,5,0.744,0.0,0.256,0.4404,Positive
332,332,2020-08-30,There is no option to squeeze the liquid out. I am unable to use the product. What shall I do?,Incomplete product,1,0.0,0.115,0.885,-0.296,Negative
333,333,2020-06-06,"The Product is too good, fragrance is awesome and value for money.You can purchase it without any doubts",Too Good,4,0.446,0.0,0.554,0.8831,Positive
334,334,2020-07-05,I thought i will get the same bottle shown in the image.But the Bottle i got does not have dispenser.,Different bottle received,1,0.0,0.0,1.0,0.0,Neutral
335,335,2020-07-04,Recommend You can buy it.Really Happy and delight to get this product fast delivered by Amazon.,Awesome Sanitizer,5,0.496,0.0,0.504,0.8957,Positive
336,336,2020-05-28,This is too expensive,Covid19,4,0.0,0.0,1.0,0.0,Neutral
337,337,2020-06-05,Best hand sanitizer,Best,5,0.881,0.0,0.119,0.8126,Positive
338,338,2020-08-27,"I had ordered the product shown in picture that has pump, but the bottle delivered to me has no pump",Faulty packaging,1,0.0,0.135,0.865,-0.4215,Negative
339,339,2020-08-08,Item not as described.It's doesn't have pump dispenser,Not good for accessible,1,0.0,0.0,1.0,0.0,Neutral
340,340,2020-07-27,Always the best.,Go for it.,4,0.677,0.0,0.323,0.6369,Positive
341,341,2020-08-19,photo shows something else as per actual product..no top cover..very disappointing,does not have a cover as on photo,1,0.129,0.229,0.643,-0.34,Negative
342,342,2020-05-19,Whenever I received the pump was breakage,Breakage pump,2,0.0,0.0,1.0,0.0,Neutral
343,343,2020-09-23,Received the bottle without pump whereas ordered for the bottle with pump,Received the bottle without pump,1,0.0,0.0,1.0,0.0,Neutral
344,344,2020-05-23,Only thing to fight from corona is a good sanitizer,Fast delivery,5,0.232,0.208,0.56,0.0772,Positive
345,345,2020-08-11,It's good and not oily like other sanitizers,It's a good product,5,0.263,0.192,0.545,0.1999,Positive
346,346,2020-05-29,I found worm inside the sanitizer bottle. Now am just wondering if this product is original or not .,Worm inside my 500ml lifebuoy 500ml bottle,1,0.126,0.0,0.874,0.3182,Positive
347,347,2020-06-20,Received it without the dispenser nozzle,Delivered without dispenser nozzle,1,0.0,0.0,1.0,0.0,Neutral
348,348,2020-07-02,"Lifebuoy is good brand , go for it without thinking twice.",Satisfied,5,0.244,0.0,0.756,0.4404,Positive
349,349,2020-08-25,I ordered this as it comes in easy to use bottle...but i received another one...,Bottle type was different,2,0.195,0.0,0.805,0.4404,Positive
350,350,2020-06-13,It has a beautiful fragrance and with a pump dispenser it's very easy to use. Go for it.,Fragrance,5,0.336,0.0,0.664,0.796,Positive
351,351,2020-07-03,The bottle delivered (of sanitiser) was different from the photo visible at the website.,Misrepresentation on website,1,0.0,0.0,1.0,0.0,Neutral
352,352,2020-07-24,Value of money,Good,3,0.545,0.0,0.455,0.34,Positive
353,353,2020-07-01,Received different product,Received without pump dispenser,1,0.0,0.0,1.0,0.0,Neutral
354,354,2020-06-16,Great product,Genuine product,5,0.804,0.0,0.196,0.6249,Positive
355,355,2020-08-22,after searching many brands i went for it &amp; I'm satisfied to have this.. nice product thumbs_up ,nice product,5,0.286,0.0,0.714,0.6808,Positive
356,356,2020-06-19,I have ordered the pressing bottle but the recieved was a normal bottle,Different product,4,0.0,0.0,1.0,0.0,Neutral
357,357,2020-05-30,PRODUCT OVER ALL GOOD BUT PUMP NO WORKING,PUMP ISSUE,1,0.181,0.26,0.558,-0.2144,Negative
358,358,2020-07-10,"Good product. Packing was also but, but got different packing of bottle which i was selected.",Its good,4,0.122,0.0,0.878,0.2382,Positive
359,359,2020-07-28,Smell is not good,Smell is not good,1,0.0,0.445,0.555,-0.3412,Negative
360,360,2020-05-07,Best available product,Ultimate Brand,5,0.677,0.0,0.323,0.6369,Positive
361,361,2020-05-30,"Very Nice product, soft on hands after use, fragrance also very nice.",Nice product and fregrance,5,0.382,0.0,0.618,0.734,Positive
362,362,2020-07-06,wrong product,product changed,1,0.0,0.756,0.244,-0.4767,Negative
363,363,2020-08-17,The pump was not given along wit the bottle very disappointed,Not properly packed,1,0.0,0.253,0.747,-0.5256,Negative
364,364,2020-07-12,The sanitizer has not along with push dispenser cap ..product shown not as showing in image,Correct product but bottle not same,5,0.0,0.0,1.0,0.0,Neutral
365,365,2020-06-02,Cap is loose .it should be cover from its nozzle as it is alcohol based.,Good,3,0.0,0.141,0.859,-0.3182,Negative
366,366,2020-06-14,Actually it is a duplicate product..... Original lifebuoy has different fragrance  beaming_face_with_smiling_eyes ,Duplicate Product,1,0.187,0.0,0.813,0.3182,Positive
367,367,2020-06-09,Nice scent. Effective. It'd have been much better if it was a spray.,Awesome.,5,0.494,0.0,0.506,0.8316,Positive
368,368,2020-07-12,Item not same as it shown above. U ate doing fool to people. I am moving to consumer court.,Waste of money and waste of time pl buy foreign products.,1,0.0,0.153,0.847,-0.4404,Negative
369,369,2020-05-24,Good product,Good,5,0.744,0.0,0.256,0.4404,Positive
370,370,2020-07-05,Where's the pump dispenser? It's useless without it.,Inaccurate product picture,1,0.0,0.286,0.714,-0.4215,Negative
371,371,2020-06-14,Quality is far away from Lifebuoy immunity booster sanitizer..,Not up to the mark.,3,0.0,0.0,1.0,0.0,Neutral
372,372,2020-06-14,Excellent,Good quality,5,1.0,0.0,0.0,0.5719,Positive
373,373,2020-07-05,Ordered different item..recieved different..no smell,Duplicate item...not original,1,0.0,0.0,1.0,0.0,Neutral
374,374,2020-07-01,The image shows with pump dispenser which I want..but I got the different one. Mild scent.,No pump dispenser,4,0.0,0.0,1.0,0.0,Neutral
375,375,2020-08-09,"Bottle is not leak proof ,gel converts into liquid after some days",Bottle is not leak proof,4,0.156,0.0,0.844,0.2584,Positive
376,376,2020-07-26,Totally fake product even I am scan bar code nothing showing any thing... This is not good,Fake Fake Fake Fake Fake Fake Fake product,1,0.0,0.293,0.707,-0.7003,Negative
377,377,2020-05-17,Damaged and leaked product,Received a damaged and leaked product,1,0.0,0.722,0.278,-0.6369,Negative
378,378,2020-08-18,Amazing... Thank you amezon for your delivery in this pandemic situation.,Great,5,0.2,0.0,0.8,0.3612,Positive
379,379,2020-06-15,Item receive in a damage condition.Got replaced but again same issue.,Damaged,2,0.0,0.189,0.811,-0.2732,Negative
380,380,2020-07-11,"Delivered different item with out nozzle, which is Rs 25/- cheaper... Please do needful ie return 25 Rs.",Different type item,1,0.119,0.0,0.881,0.3182,Positive
381,381,2020-05-11,"The item was torn, and leaked.","The item was torn, and leaked.",1,0.0,0.518,0.482,-0.5106,Negative
382,382,2020-06-13,Its size is good but its packing was not so good some drop was in the box its looking like its open,Its good,5,0.301,0.101,0.598,0.7188,Positive
383,383,2020-09-16,The product showed that it was with a dispense cap but delivered the product without cap,No Dispenser Cap,1,0.0,0.0,1.0,0.0,Neutral
384,384,2020-07-10,received without pump..,Bottle without pump,1,0.0,0.0,1.0,0.0,Neutral
385,385,2020-07-19,Very nice product..easy to use and very handy.. Squeeze System is very nice..,Go For it blindly..,4,0.205,0.0,0.795,0.4754,Positive
386,386,2020-07-03,The sanitizer had a dead insect inside it. What is the use of buying a sanitizer that is dirty.,Bad quality,2,0.0,0.324,0.676,-0.802,Negative
387,387,2020-06-08,The scweezer cap of the bottle is not working..due to the non returnable policy i can not return it.. wow.,got defected product,1,0.0,0.146,0.854,-0.4717,Negative
388,388,2020-06-03,Good,Good,3,1.0,0.0,0.0,0.4404,Positive
389,389,2020-08-12,Packaging are vey bad..but product is very good,Bad packaging,5,0.313,0.0,0.687,0.4927,Positive
390,390,2020-06-16,"It‚Äôs value for money , and the semcent is a fresh",Great product,5,0.402,0.0,0.598,0.5719,Positive
391,391,2020-05-17,Bottol Broken,Lick Bottole,1,0.0,0.756,0.244,-0.4767,Negative
392,392,2020-06-19,I ordered from cloudtail and the product did not come with the pump as shown in the pictures.,Normal bottle without the pump,1,0.0,0.0,1.0,0.0,Neutral
393,393,2020-06-14,"Useful but sticky . On the whole, an excellent product. May be trusted for its reliable brand tag.",May be trusted.,4,0.443,0.0,0.557,0.9032,Positive
394,394,2020-05-28,The product got damaged. No return policy. Not any complaint accepted by Amazon.,Damaged product received. Don't buy it.,1,0.194,0.374,0.432,-0.5149,Negative
395,395,2020-08-18,Not bad,not bad,4,0.74,0.0,0.26,0.431,Positive
396,396,2020-06-03,"Scent is Good.On time delivery.MRP=Selling Value, no offer.",Overall experience is Good.,4,0.226,0.208,0.566,0.0516,Positive
397,397,2020-09-07,Good product,Worth buying,4,0.744,0.0,0.256,0.4404,Positive
398,398,2020-09-06,I have ordered by seeing the punch type but it is not what Amazon has shown in pic.,Not the same which is in pic,3,0.0,0.1,0.9,-0.1967,Negative
399,399,2020-06-13,Received a damaged product. The dispenser pump is broken at the neck.,Received a damaged product.,1,0.0,0.4,0.6,-0.7184,Negative
400,400,2020-05-12,"Nic product , good quality , delivered very speedly",Good product,5,0.326,0.0,0.674,0.4404,Positive
401,401,2020-05-08, right_arrow Damaged in the top.,Damaged product,1,0.234,0.377,0.39,-0.2732,Negative
402,402,2020-08-06,Sanitizer Was Good but received a different type of opening bottle instead of the squeezer,Different Bottle,5,0.13,0.0,0.87,0.2382,Positive
403,403,2020-07-08,This is different from the image shown on amazon. This is duplicate item guys don‚Äôt go for this..,Duplicate item,1,0.091,0.0,0.909,0.1779,Positive
404,404,2020-06-20,It's good product and easy to use because it's having pump so no need open bottle.,Good product,4,0.268,0.132,0.6,0.4467,Positive
405,405,2020-07-17,Good valuable product,Good,5,0.857,0.0,0.143,0.7184,Positive
406,406,2020-08-05,Received a fake product........ even the bottle isn‚Äôt same.... its not authentic,Fake product,1,0.0,0.237,0.763,-0.4767,Negative
407,407,2020-05-28,Poor bottle. It was broken. Liquid coming out.,Not the great deal.,1,0.0,0.508,0.492,-0.7351,Negative
408,408,2020-07-11,VALUE FOR MONEY,Value for money,5,0.545,0.0,0.455,0.34,Positive
409,409,2020-06-14,Received product in damaged condition. Some of the sanatizer was leaking as well.,Received product in a bad condition,1,0.131,0.181,0.688,-0.2023,Negative
410,410,2020-07-03,Nice product...,Nice,5,0.737,0.0,0.263,0.4215,Positive
411,411,2020-07-13,The cap is again not the same which was shown in the picture.,Bottle cap,4,0.0,0.0,1.0,0.0,Neutral
412,412,2020-07-14,"Very nice. Same as shown, must have!!Satisfied!","Must have this, very nice",5,0.398,0.0,0.602,0.6084,Positive
413,413,2020-08-19,It‚Äôs very needful and us full for this time very nice product,Usefull,3,0.219,0.0,0.781,0.4754,Positive
414,414,2020-08-18,There is no Press spray nozzle for the product as shown on image .it has a pour nozzle,Didnt receive the product as shown on image,5,0.0,0.121,0.879,-0.296,Negative
415,415,2020-09-01,"Shown image in picture, not getting such item.","Shown image in picture, not getting such item.",1,0.0,0.0,1.0,0.0,Neutral
416,416,2020-05-28,Good Product,Good Product,4,0.744,0.0,0.256,0.4404,Positive
417,417,2020-05-23,There were some impurities inside the sanitizer. Don't know whether genuine product or not,Impurities inside,1,0.0,0.0,1.0,0.0,Neutral
418,418,2020-05-23,You must buy the product,Very good product,5,0.0,0.0,1.0,0.0,Neutral
419,419,2020-06-21,"Duplicate item, totally west of money and also it was unpacked","Duplicate item, totally west of money",1,0.0,0.0,1.0,0.0,Neutral
420,420,2020-07-11,Kindly don't go with the image they do not supply the pumping unit as shown in the picture.,They didn't supplied the pumping unit as shown in the picture.,4,0.158,0.0,0.842,0.4939,Positive
421,421,2020-06-03,I received leackge products.,Very poor,1,0.0,0.0,1.0,0.0,Neutral
422,422,2020-08-04,Very pleasant smell leaves afterwards,Good experience,5,0.473,0.0,0.527,0.5563,Positive
423,423,2020-07-05,The bottle show in picture is different from the product delivered.,Different product delivered,3,0.0,0.0,1.0,0.0,Neutral
424,424,2020-06-07,Best,Very good,5,1.0,0.0,0.0,0.6369,Positive
425,425,2020-08-07,Good,Good,4,1.0,0.0,0.0,0.4404,Positive
426,426,2020-09-06,Goog,Good,5,0.0,0.0,1.0,0.0,Neutral
427,427,2020-05-29,I have ordered 2 lifebuoy sanitizer but one of them is Empty leakage in cartoon itself.,Not happy with the package,5,0.0,0.145,0.855,-0.296,Negative
428,428,2020-06-14,Very good product with timely delivery.,Worth buying,5,0.39,0.0,0.61,0.4927,Positive
429,429,2020-07-08,Broken bottle received with leaking sanitiser almost half of it was empty,Broken bottle,2,0.0,0.329,0.671,-0.5994,Negative
430,430,2020-07-03,Am safex disponible 3 ply surgical mask blue 100 pieces not resived ordered with this item,Good,5,0.0,0.0,1.0,0.0,Neutral
431,431,2020-06-13,Packing bottle was broken,Bottle broke,1,0.0,0.508,0.492,-0.4767,Negative
432,432,2020-06-01,Gentle on skin,Value for money,5,0.592,0.0,0.408,0.4404,Positive
433,433,2020-07-23,Smells so bad that it stinks up the whole house..,Smell,2,0.0,0.42,0.58,-0.6997,Negative
434,434,2020-07-05,Just fantastic,Excellent,5,0.783,0.0,0.217,0.5574,Positive
435,435,2020-07-06,Mentioned and asked for pump style but instead got these,Wrong description- No pump style,2,0.0,0.0,1.0,0.0,Neutral
436,436,2020-06-11,Lifebuoy love youAmazon love you  red_heart_selector  face_blowing_a_kiss ,Super se uper,5,0.627,0.0,0.373,0.8555,Positive
437,437,2020-07-05,I'm ordered pump dispenser type body... But unfortunately I got this from your side....,Lifebuyo hand sanitizer,5,0.0,0.205,0.795,-0.4767,Negative
438,438,2020-07-19,The image is different from actual product. the presser is not there.,"NO presser on top, ite open cap type",3,0.0,0.0,1.0,0.0,Neutral
439,439,2020-09-01,There is no dispenser cap.Totally wrong,No dispenser,3,0.0,0.57,0.43,-0.6486,Negative
440,440,2020-06-18,Best,Best,5,1.0,0.0,0.0,0.6369,Positive
441,441,2020-07-30,Product delivered is without pump as shown in picture.,Product delivered did match with picture shown,3,0.0,0.0,1.0,0.0,Neutral
442,442,2020-07-04,The packaging is diffrent and bottle was open.,Diffrent packaging and open bottle,1,0.0,0.0,1.0,0.0,Neutral
443,443,2020-05-23,Good product and fast delivery,Recommend,5,0.42,0.0,0.58,0.4404,Positive
444,444,2020-07-06,nice product,so usefull,5,0.737,0.0,0.263,0.4215,Positive
445,445,2020-05-16,Best hand sanitizer. I will suggest to purchase that.,Awesome sanitizer,5,0.552,0.0,0.448,0.8126,Positive
446,446,2020-06-07,Good,Good,4,1.0,0.0,0.0,0.4404,Positive
447,447,2020-06-02,Product is good but manufacturers defects. Leakage a lot.,Manufacturing Defect,2,0.17,0.309,0.522,-0.3818,Negative
448,448,2020-07-05,Product cap different one received. We have to press the bottle to take the sanitizer,Cap,5,0.0,0.0,1.0,0.0,Neutral
449,449,2020-09-03,there is no dispenser cap as mentioned in desc or as shown in picture,wrng product,1,0.0,0.145,0.855,-0.296,Negative
450,450,2020-05-26,Very good product and delivered within the time line.,Product quality,5,0.285,0.0,0.715,0.4927,Positive
451,451,2020-06-14,Smells really good .,Nice aroma n sanitizes well,5,0.615,0.0,0.385,0.4927,Positive
452,452,2020-06-30,Packaging change received not happy this time,Packing change,5,0.0,0.333,0.667,-0.4585,Negative
453,453,2020-08-04,Bottle supplied is not the one shown here.,Material is different,1,0.0,0.0,1.0,0.0,Neutral
454,454,2020-06-07,"I think its duplicate product, Logo spelling Lifeboy is wrong ""LIFEBOUY"".......",Wrong Logo,1,0.0,0.256,0.744,-0.4767,Negative
455,455,2020-08-07,Amazing product  fire  awesome packaging thanks amazon heart_suit_selector ,Awesome product just go for it. heart_suit_selector  fire ,5,0.698,0.134,0.168,0.8779,Positive
456,456,2020-07-19,Great sanitizer,Great,5,0.804,0.0,0.196,0.6249,Positive
457,457,2020-09-09,Don't buy this product,Don't buy this product,1,0.0,0.0,1.0,0.0,Neutral
458,458,2020-08-14,Nice product buyworthy,Nice,4,0.583,0.0,0.417,0.4215,Positive
459,459,2020-06-11,Pump type dispenser is good feature.,Good sanitizer.,4,0.367,0.0,0.633,0.4404,Positive
460,460,2020-08-25,The bottle is without pump as shown in the picture.,The bottle is without pump as shown in the picture.,3,0.0,0.0,1.0,0.0,Neutral
461,461,2020-07-12,Need not be gel based,Decent sanitizer,5,0.0,0.0,1.0,0.0,Neutral
462,462,2020-09-20,Product is good. No allergy no side effects,I recommend this product,5,0.236,0.358,0.407,-0.128,Negative
463,463,2020-06-17,Spray pump was not working Damage packing bottles Whay Not replacement? This product,Defoult product,1,0.18,0.0,0.82,0.3875,Positive
464,464,2020-05-31,One Bottle already damaged and pressing is not working which we didn't notice Intially,Poor Packaging,2,0.0,0.182,0.818,-0.4404,Negative
465,465,2020-07-08,Order spray cap but products arrived other Type cap so I'm not satisfied.,Product is OK but cap changed.,3,0.0,0.22,0.78,-0.5257,Negative
466,466,2020-06-03,Good product,Nice product,5,0.744,0.0,0.256,0.4404,Positive
467,467,2020-05-31,Great Product awesome smell n good packaging must buy,Must Buy,5,0.689,0.0,0.311,0.9022,Positive
468,468,2020-08-20,Not better when compared with first order,good,5,0.0,0.286,0.714,-0.3412,Negative
469,469,2020-06-16,Received broken product. Wasted my money.,Disappointed,1,0.0,0.612,0.388,-0.743,Negative
470,470,2020-07-12,wrong product delivered..no pump dispenser..overall all is good,I ordered with pump dispenser bt delivered without pump dispenser,4,0.242,0.258,0.5,-0.0516,Negative
471,471,2020-07-18,Good product,Nice product,3,0.744,0.0,0.256,0.4404,Positive
472,472,2020-06-21,Fake fake fakeIt‚Äôs not original... warning_selector ,Ducpicate,1,0.0,0.608,0.392,-0.7351,Negative
473,473,2020-06-19,Decent smellLow thicknessNo dispenser..,No dispenser,3,0.0,0.0,1.0,0.0,Neutral
474,474,2020-09-23,Good,Good,4,1.0,0.0,0.0,0.4404,Positive
475,475,2020-09-26,Good,Good,5,1.0,0.0,0.0,0.4404,Positive
476,476,2020-05-25,Best,Best,5,1.0,0.0,0.0,0.6369,Positive
477,477,2020-06-14,Excellent Product, OK_hand_light_skin_tone  OK_hand_light_skin_tone  OK_hand_light_skin_tone  OK_hand_light_skin_tone  OK_hand_light_skin_tone ,5,0.787,0.0,0.213,0.5719,Positive
478,478,2020-05-26,Fake product. Dont buy,Review of lifebuoy sanitizer,1,0.0,0.508,0.492,-0.4767,Negative
479,479,2020-09-30,The product dispenser is poor and different quality  thumbs_down  thumbs_down but packingok.,"The cap is different and bad quality difficult to use, and otherwise ok thumbs_up  thumbs_up ",3,0.0,0.157,0.843,-0.2617,Negative
480,480,2020-07-12,In the image cap they given and the cap we get is different.!!,Best but cheated with different cap,1,0.0,0.0,1.0,0.0,Neutral
481,481,2020-09-16,Delivered without cover,Another product delivered without cover,1,0.0,0.0,1.0,0.0,Neutral
482,482,2020-05-29,Broken product received,Product broken,1,0.0,0.608,0.392,-0.4767,Negative
483,483,2020-06-17,The product came broken and it was already leaking before it got to me.,Came broken,1,0.0,0.193,0.807,-0.4767,Negative
484,484,2020-08-27,"No dispenser, paid high price only for dispenser cap.",Fake Product,1,0.0,0.216,0.784,-0.296,Negative
485,485,2020-07-21,Fake product . I have allergies on my hand using it,Fake product,1,0.241,0.233,0.526,0.0258,Positive
486,486,2020-07-13,"I dont lick in this type of container, i want amzon so the container only.",Packing deference,1,0.098,0.0,0.902,0.0772,Positive
487,487,2020-07-08,"Fragrance is not good, may be for me I'm not sure .",Okay okay,3,0.0,0.327,0.673,-0.5216,Negative
488,488,2020-06-26,Very nice Sanitizer and soft to hands,Very good product,5,0.34,0.0,0.66,0.4754,Positive
489,489,2020-06-03,I ordered this sanetizer and getting cracked bottle of sanetizer in the package,I need my money back,1,0.0,0.0,1.0,0.0,Neutral
490,490,2020-07-05,Got the damaged bottle more than half was out from bottle in the packagebox,Damaged bottle,1,0.0,0.182,0.818,-0.4404,Negative
491,491,2020-06-19,Product is not as shown in pic,Without a pusher,1,0.0,0.0,1.0,0.0,Neutral
492,492,2020-09-11,totally disappointed......top pump bottom are not present..,not happy,1,0.0,0.0,1.0,0.0,Neutral
493,493,2020-07-14,I am very happy with this product.,Sanatizer,5,0.444,0.0,0.556,0.6115,Positive
494,494,2020-08-06,Smell is really bad not as expected,Not to buy dettol is best,2,0.0,0.387,0.613,-0.5849,Negative
495,495,2020-08-11,Must buy product during these times,Must buy,5,0.0,0.0,1.0,0.0,Neutral
496,496,2020-07-07,"Product is good, but I ordered the pump system and the normal bottle come.",Good but not one what I ordered,4,0.14,0.0,0.86,0.2382,Positive
497,497,2020-07-18,Good quality,Good quality,5,0.744,0.0,0.256,0.4404,Positive
498,498,2020-06-17,"Nice and light scent ,good packaging properly sealed, and is value for money",Must buy sanitizer,5,0.448,0.0,0.552,0.7964,Positive
499,499,2020-07-05,The seal.is already broken and it is not having any pump.,Defective product - seal already broken,1,0.0,0.237,0.763,-0.4767,Negative
